kernel,proc,prbs,cc,mod_scheme
mf,ARM_CORTEX_A7,1,8812.5,NA
mf,ARM_CORTEX_A7,2,4125.0,NA
mf,ARM_CORTEX_A7,3,6093.0,NA
mf,ARM_CORTEX_A7,4,10188.0,NA
mf,ARM_CORTEX_A7,5,13030.5,NA
mf,ARM_CORTEX_A7,6,20562.0,NA
mf,ARM_CORTEX_A7,7,6250.5,NA
mf,ARM_CORTEX_A7,8,6688.5,NA
mf,ARM_CORTEX_A7,9,7125.0,NA
mf,ARM_CORTEX_A7,10,7656.0,NA
mf,ARM_CORTEX_A7,11,8062.5,NA
mf,ARM_CORTEX_A7,12,8467.5,NA
mf,ARM_CORTEX_A7,13,8938.5,NA
mf,ARM_CORTEX_A7,14,9375.0,NA
mf,ARM_CORTEX_A7,15,9750.0,NA
mf,ARM_CORTEX_A7,16,10125.0,NA
mf,ARM_CORTEX_A7,17,10500.0,NA
mf,ARM_CORTEX_A7,18,10938.0,NA
mf,ARM_CORTEX_A7,19,11376.0,NA
mf,ARM_CORTEX_A7,20,11812.5,NA
mf,ARM_CORTEX_A7,21,12249.0,NA
mf,ARM_CORTEX_A7,22,12813.0,NA
mf,ARM_CORTEX_A7,23,13249.5,NA
mf,ARM_CORTEX_A7,24,13626.0,NA
mf,ARM_CORTEX_A7,25,14062.499999999998,NA
mf,ARM_CORTEX_A7,26,14563.5,NA
mf,ARM_CORTEX_A7,27,15000.000000000002,NA
mf,ARM_CORTEX_A7,28,15375.0,NA
mf,ARM_CORTEX_A7,29,15813.0,NA
mf,ARM_CORTEX_A7,30,16251.0,NA
mf,ARM_CORTEX_A7,31,16687.5,NA
mf,ARM_CORTEX_A7,32,17062.5,NA
mf,ARM_CORTEX_A7,33,17500.5,NA
mf,ARM_CORTEX_A7,34,17938.5,NA
mf,ARM_CORTEX_A7,35,18375.0,NA
mf,ARM_CORTEX_A7,36,18811.5,NA
mf,ARM_CORTEX_A7,37,19188.0,NA
mf,ARM_CORTEX_A7,38,19687.5,NA
mf,ARM_CORTEX_A7,39,20124.0,NA
mf,ARM_CORTEX_A7,40,20562.0,NA
mf,ARM_CORTEX_A7,41,21000.0,NA
mf,ARM_CORTEX_A7,42,21436.5,NA
mf,ARM_CORTEX_A7,43,21937.5,NA
mf,ARM_CORTEX_A7,44,22374.0,NA
mf,ARM_CORTEX_A7,45,22812.0,NA
mf,ARM_CORTEX_A7,46,23250.0,NA
mf,ARM_CORTEX_A7,47,23749.5,NA
mf,ARM_CORTEX_A7,48,24187.5,NA
mf,ARM_CORTEX_A7,49,24592.500000000004,NA
mf,ARM_CORTEX_A7,50,25000.500000000004,NA
mf,ARM_CORTEX_A7,51,25875.0,NA
mf,ARM_CORTEX_A7,52,26313.0,NA
mf,ARM_CORTEX_A7,53,26812.5,NA
mf,ARM_CORTEX_A7,54,27312.0,NA
mf,ARM_CORTEX_A7,55,27562.5,NA
mf,ARM_CORTEX_A7,56,28124.999999999996,NA
mf,ARM_CORTEX_A7,57,28563.000000000004,NA
mf,ARM_CORTEX_A7,58,29125.5,NA
mf,ARM_CORTEX_A7,59,29313.0,NA
mf,ARM_CORTEX_A7,60,29688.0,NA
mf,ARM_CORTEX_A7,61,30217.5,NA
mf,ARM_CORTEX_A7,62,30687.0,NA
mf,ARM_CORTEX_A7,63,31062.0,NA
mf,ARM_CORTEX_A7,64,31500.0,NA
mf,ARM_CORTEX_A7,65,31937.999999999996,NA
mf,ARM_CORTEX_A7,66,32499.0,NA
mf,ARM_CORTEX_A7,67,33000.0,NA
mf,ARM_CORTEX_A7,68,33312.0,NA
mf,ARM_CORTEX_A7,69,33750.0,NA
mf,ARM_CORTEX_A7,70,34312.5,NA
mf,ARM_CORTEX_A7,71,34687.5,NA
mf,ARM_CORTEX_A7,72,35062.5,NA
mf,ARM_CORTEX_A7,73,35562.0,NA
mf,ARM_CORTEX_A7,74,36063.0,NA
mf,ARM_CORTEX_A7,75,36499.5,NA
mf,ARM_CORTEX_A7,76,36811.5,NA
mf,ARM_CORTEX_A7,77,37312.5,NA
mf,ARM_CORTEX_A7,78,37813.5,NA
mf,ARM_CORTEX_A7,79,38187.0,NA
mf,ARM_CORTEX_A7,80,38688.0,NA
mf,ARM_CORTEX_A7,81,39187.5,NA
mf,ARM_CORTEX_A7,82,39780.0,NA
mf,ARM_CORTEX_A7,83,40062.0,NA
mf,ARM_CORTEX_A7,84,40500.0,NA
mf,ARM_CORTEX_A7,85,40875.0,NA
mf,ARM_CORTEX_A7,86,41749.5,NA
mf,ARM_CORTEX_A7,87,42187.5,NA
mf,ARM_CORTEX_A7,88,42624.0,NA
mf,ARM_CORTEX_A7,89,43125.0,NA
mf,ARM_CORTEX_A7,90,43687.5,NA
mf,ARM_CORTEX_A7,91,44062.5,NA
mf,ARM_CORTEX_A7,92,44376.0,NA
mf,ARM_CORTEX_A7,93,44938.5,NA
mf,ARM_CORTEX_A7,94,45501.0,NA
mf,ARM_CORTEX_A7,95,45750.0,NA
mf,ARM_CORTEX_A7,96,46125.0,NA
mf,ARM_CORTEX_A7,97,46813.5,NA
mf,ARM_CORTEX_A7,98,47374.5,NA
mf,ARM_CORTEX_A7,99,47562.0,NA
mf,ARM_CORTEX_A7,100,47938.49999999999,NA
fft,ARM_CORTEX_A7,1,4563.0,NA
fft,ARM_CORTEX_A7,2,6312.0,NA
fft,ARM_CORTEX_A7,3,9999.0,NA
fft,ARM_CORTEX_A7,4,9937.5,NA
fft,ARM_CORTEX_A7,5,9937.5,NA
fft,ARM_CORTEX_A7,6,18250.5,NA
fft,ARM_CORTEX_A7,7,18312.0,NA
fft,ARM_CORTEX_A7,8,18249.0,NA
fft,ARM_CORTEX_A7,9,18187.5,NA
fft,ARM_CORTEX_A7,10,18187.5,NA
fft,ARM_CORTEX_A7,11,36874.5,NA
fft,ARM_CORTEX_A7,12,36750.0,NA
fft,ARM_CORTEX_A7,13,36687.0,NA
fft,ARM_CORTEX_A7,14,36687.0,NA
fft,ARM_CORTEX_A7,15,36687.0,NA
fft,ARM_CORTEX_A7,16,36687.0,NA
fft,ARM_CORTEX_A7,17,36687.0,NA
fft,ARM_CORTEX_A7,18,36624.0,NA
fft,ARM_CORTEX_A7,19,36438.0,NA
fft,ARM_CORTEX_A7,20,36436.5,NA
fft,ARM_CORTEX_A7,21,36312.0,NA
fft,ARM_CORTEX_A7,22,78876.0,NA
fft,ARM_CORTEX_A7,23,78688.5,NA
fft,ARM_CORTEX_A7,24,78624.0,NA
fft,ARM_CORTEX_A7,25,78438.0,NA
fft,ARM_CORTEX_A7,26,78312.0,NA
fft,ARM_CORTEX_A7,27,78187.5,NA
fft,ARM_CORTEX_A7,28,78061.5,NA
fft,ARM_CORTEX_A7,29,77875.5,NA
fft,ARM_CORTEX_A7,30,77812.5,NA
fft,ARM_CORTEX_A7,31,77625.0,NA
fft,ARM_CORTEX_A7,32,77500.5,NA
fft,ARM_CORTEX_A7,33,77374.5,NA
fft,ARM_CORTEX_A7,34,77250.0,NA
fft,ARM_CORTEX_A7,35,77124.0,NA
fft,ARM_CORTEX_A7,36,76999.5,NA
fft,ARM_CORTEX_A7,37,76813.5,NA
fft,ARM_CORTEX_A7,38,76749.0,NA
fft,ARM_CORTEX_A7,39,76563.0,NA
fft,ARM_CORTEX_A7,40,76500.0,NA
fft,ARM_CORTEX_A7,41,76312.5,NA
fft,ARM_CORTEX_A7,42,76188.0,NA
fft,ARM_CORTEX_A7,43,84937.5,NA
fft,ARM_CORTEX_A7,44,84874.5,NA
fft,ARM_CORTEX_A7,45,84687.0,NA
fft,ARM_CORTEX_A7,46,84562.5,NA
fft,ARM_CORTEX_A7,47,84436.5,NA
fft,ARM_CORTEX_A7,48,84312.0,NA
fft,ARM_CORTEX_A7,49,84187.5,NA
fft,ARM_CORTEX_A7,50,84063.0,NA
fft,ARM_CORTEX_A7,51,167937.0,NA
fft,ARM_CORTEX_A7,52,167812.5,NA
fft,ARM_CORTEX_A7,53,167625.0,NA
fft,ARM_CORTEX_A7,54,167500.5,NA
fft,ARM_CORTEX_A7,55,167313.0,NA
fft,ARM_CORTEX_A7,56,167188.5,NA
fft,ARM_CORTEX_A7,57,167001.0,NA
fft,ARM_CORTEX_A7,58,166875.0,NA
fft,ARM_CORTEX_A7,59,166750.5,NA
fft,ARM_CORTEX_A7,60,166624.5,NA
fft,ARM_CORTEX_A7,61,166438.5,NA
fft,ARM_CORTEX_A7,62,166312.5,NA
fft,ARM_CORTEX_A7,63,166125.0,NA
fft,ARM_CORTEX_A7,64,166000.5,NA
fft,ARM_CORTEX_A7,65,165874.5,NA
fft,ARM_CORTEX_A7,66,165750.0,NA
fft,ARM_CORTEX_A7,67,165562.5,NA
fft,ARM_CORTEX_A7,68,165438.0,NA
fft,ARM_CORTEX_A7,69,165250.5,NA
fft,ARM_CORTEX_A7,70,165187.5,NA
fft,ARM_CORTEX_A7,71,165000.0,NA
fft,ARM_CORTEX_A7,72,164875.5,NA
fft,ARM_CORTEX_A7,73,164688.0,NA
fft,ARM_CORTEX_A7,74,164625.0,NA
fft,ARM_CORTEX_A7,75,164499.0,NA
fft,ARM_CORTEX_A7,76,164374.5,NA
fft,ARM_CORTEX_A7,77,164250.0,NA
fft,ARM_CORTEX_A7,78,164124.0,NA
fft,ARM_CORTEX_A7,79,163938.0,NA
fft,ARM_CORTEX_A7,80,163813.5,NA
fft,ARM_CORTEX_A7,81,163687.5,NA
fft,ARM_CORTEX_A7,82,163563.0,NA
fft,ARM_CORTEX_A7,83,163437.0,NA
fft,ARM_CORTEX_A7,84,163312.5,NA
fft,ARM_CORTEX_A7,85,163063.5,NA
fft,ARM_CORTEX_A7,86,183499.5,NA
fft,ARM_CORTEX_A7,87,183312.0,NA
fft,ARM_CORTEX_A7,88,183187.5,NA
fft,ARM_CORTEX_A7,89,183061.5,NA
fft,ARM_CORTEX_A7,90,182937.0,NA
fft,ARM_CORTEX_A7,91,182812.5,NA
fft,ARM_CORTEX_A7,92,182686.5,NA
fft,ARM_CORTEX_A7,93,182500.5,NA
fft,ARM_CORTEX_A7,94,182437.5,NA
fft,ARM_CORTEX_A7,95,182250.0,NA
fft,ARM_CORTEX_A7,96,182125.5,NA
fft,ARM_CORTEX_A7,97,181938.0,NA
fft,ARM_CORTEX_A7,98,181813.5,NA
fft,ARM_CORTEX_A7,99,181687.5,NA
fft,ARM_CORTEX_A7,100,181500.0,NA
wind,ARM_CORTEX_A7,1,3312.0,NA
wind,ARM_CORTEX_A7,2,3375.0,NA
wind,ARM_CORTEX_A7,3,3499.5,NA
wind,ARM_CORTEX_A7,4,3562.5,NA
wind,ARM_CORTEX_A7,5,3625.5,NA
wind,ARM_CORTEX_A7,6,3750.0000000000005,NA
wind,ARM_CORTEX_A7,7,3750.0000000000005,NA
wind,ARM_CORTEX_A7,8,3813.0,NA
wind,ARM_CORTEX_A7,9,3876.0000000000005,NA
wind,ARM_CORTEX_A7,10,3937.5,NA
wind,ARM_CORTEX_A7,11,4062.0000000000005,NA
wind,ARM_CORTEX_A7,12,4125.0,NA
wind,ARM_CORTEX_A7,13,4186.5,NA
wind,ARM_CORTEX_A7,14,4249.5,NA
wind,ARM_CORTEX_A7,15,4312.5,NA
wind,ARM_CORTEX_A7,16,4374.0,NA
wind,ARM_CORTEX_A7,17,4437.0,NA
wind,ARM_CORTEX_A7,18,4500.0,NA
wind,ARM_CORTEX_A7,19,4561.5,NA
wind,ARM_CORTEX_A7,20,4624.5,NA
wind,ARM_CORTEX_A7,21,4687.5,NA
wind,ARM_CORTEX_A7,22,4750.5,NA
wind,ARM_CORTEX_A7,23,4813.5,NA
wind,ARM_CORTEX_A7,24,4875.0,NA
wind,ARM_CORTEX_A7,25,4938.0,NA
wind,ARM_CORTEX_A7,26,5062.5,NA
wind,ARM_CORTEX_A7,27,5062.5,NA
wind,ARM_CORTEX_A7,28,5125.5,NA
wind,ARM_CORTEX_A7,29,5250.0,NA
wind,ARM_CORTEX_A7,30,5250.0,NA
wind,ARM_CORTEX_A7,31,5313.0,NA
wind,ARM_CORTEX_A7,32,5437.5,NA
wind,ARM_CORTEX_A7,33,5500.5,NA
wind,ARM_CORTEX_A7,34,5562.0,NA
wind,ARM_CORTEX_A7,35,5625.0,NA
wind,ARM_CORTEX_A7,36,5686.5,NA
wind,ARM_CORTEX_A7,37,5749.500000000001,NA
wind,ARM_CORTEX_A7,38,5812.5,NA
wind,ARM_CORTEX_A7,39,5875.5,NA
wind,ARM_CORTEX_A7,40,5937.0,NA
wind,ARM_CORTEX_A7,41,6000.0,NA
wind,ARM_CORTEX_A7,42,6062.999999999999,NA
wind,ARM_CORTEX_A7,43,6126.0,NA
wind,ARM_CORTEX_A7,44,6187.500000000001,NA
wind,ARM_CORTEX_A7,45,6250.5,NA
wind,ARM_CORTEX_A7,46,6313.5,NA
wind,ARM_CORTEX_A7,47,6375.0,NA
wind,ARM_CORTEX_A7,48,6499.5,NA
wind,ARM_CORTEX_A7,49,6562.499999999999,NA
wind,ARM_CORTEX_A7,50,6625.5,NA
wind,ARM_CORTEX_A7,51,6687.000000000001,NA
wind,ARM_CORTEX_A7,52,6750.0,NA
wind,ARM_CORTEX_A7,53,6813.0,NA
wind,ARM_CORTEX_A7,54,6874.5,NA
wind,ARM_CORTEX_A7,55,6937.5,NA
wind,ARM_CORTEX_A7,56,7000.500000000001,NA
wind,ARM_CORTEX_A7,57,7063.5,NA
wind,ARM_CORTEX_A7,58,7125.0,NA
wind,ARM_CORTEX_A7,59,7188.0,NA
wind,ARM_CORTEX_A7,60,7251.0,NA
wind,ARM_CORTEX_A7,61,7312.5,NA
wind,ARM_CORTEX_A7,62,7405.500000000001,NA
wind,ARM_CORTEX_A7,63,7438.5,NA
wind,ARM_CORTEX_A7,64,7500.000000000001,NA
wind,ARM_CORTEX_A7,65,7563.0,NA
wind,ARM_CORTEX_A7,66,7687.5,NA
wind,ARM_CORTEX_A7,67,7750.5,NA
wind,ARM_CORTEX_A7,68,7812.0,NA
wind,ARM_CORTEX_A7,69,7875.0,NA
wind,ARM_CORTEX_A7,70,7938.000000000001,NA
wind,ARM_CORTEX_A7,71,7999.499999999999,NA
wind,ARM_CORTEX_A7,72,8062.5,NA
wind,ARM_CORTEX_A7,73,8125.5,NA
wind,ARM_CORTEX_A7,74,8188.5,NA
wind,ARM_CORTEX_A7,75,8250.0,NA
wind,ARM_CORTEX_A7,76,8313.0,NA
wind,ARM_CORTEX_A7,77,8376.0,NA
wind,ARM_CORTEX_A7,78,8499.0,NA
wind,ARM_CORTEX_A7,79,8562.0,NA
wind,ARM_CORTEX_A7,80,8625.0,NA
wind,ARM_CORTEX_A7,81,8686.5,NA
wind,ARM_CORTEX_A7,82,8749.5,NA
wind,ARM_CORTEX_A7,83,8812.5,NA
wind,ARM_CORTEX_A7,84,8874.0,NA
wind,ARM_CORTEX_A7,85,8937.0,NA
wind,ARM_CORTEX_A7,86,9000.0,NA
wind,ARM_CORTEX_A7,87,9063.0,NA
wind,ARM_CORTEX_A7,88,9126.0,NA
wind,ARM_CORTEX_A7,89,9187.5,NA
wind,ARM_CORTEX_A7,90,9250.5,NA
wind,ARM_CORTEX_A7,91,9313.5,NA
wind,ARM_CORTEX_A7,92,9375.0,NA
wind,ARM_CORTEX_A7,93,9438.0,NA
wind,ARM_CORTEX_A7,94,9562.5,NA
wind,ARM_CORTEX_A7,95,9624.0,NA
wind,ARM_CORTEX_A7,96,9687.0,NA
wind,ARM_CORTEX_A7,97,9750.0,NA
wind,ARM_CORTEX_A7,98,9811.5,NA
wind,ARM_CORTEX_A7,99,9874.5,NA
wind,ARM_CORTEX_A7,100,9937.5,NA
comb,ARM_CORTEX_A7,1,12562.5,NA
comb,ARM_CORTEX_A7,2,21313.5,NA
comb,ARM_CORTEX_A7,3,30124.5,NA
comb,ARM_CORTEX_A7,4,38874.0,NA
comb,ARM_CORTEX_A7,5,47625.0,NA
comb,ARM_CORTEX_A7,6,56688.0,NA
comb,ARM_CORTEX_A7,7,65250.0,NA
comb,ARM_CORTEX_A7,8,74062.5,NA
comb,ARM_CORTEX_A7,9,83062.5,NA
comb,ARM_CORTEX_A7,10,91905.0,NA
comb,ARM_CORTEX_A7,11,100500.0,NA
comb,ARM_CORTEX_A7,12,109188.0,NA
comb,ARM_CORTEX_A7,13,118000.5,NA
comb,ARM_CORTEX_A7,14,126749.99999999999,NA
comb,ARM_CORTEX_A7,15,135625.5,NA
comb,ARM_CORTEX_A7,16,144438.0,NA
comb,ARM_CORTEX_A7,17,153436.5,NA
comb,ARM_CORTEX_A7,18,162000.0,NA
comb,ARM_CORTEX_A7,19,170938.5,NA
comb,ARM_CORTEX_A7,20,179686.5,NA
comb,ARM_CORTEX_A7,21,188499.0,NA
comb,ARM_CORTEX_A7,22,199125.0,NA
comb,ARM_CORTEX_A7,23,208251.0,NA
comb,ARM_CORTEX_A7,24,217125.0,NA
comb,ARM_CORTEX_A7,25,226342.50000000003,NA
comb,ARM_CORTEX_A7,26,235124.99999999997,NA
comb,ARM_CORTEX_A7,27,243687.0,NA
comb,ARM_CORTEX_A7,28,253624.5,NA
comb,ARM_CORTEX_A7,29,262093.49999999997,NA
comb,ARM_CORTEX_A7,30,271312.5,NA
comb,ARM_CORTEX_A7,31,279750.0,NA
comb,ARM_CORTEX_A7,32,289062.0,NA
comb,ARM_CORTEX_A7,33,297813.0,NA
comb,ARM_CORTEX_A7,34,307000.5,NA
comb,ARM_CORTEX_A7,35,315438.0,NA
comb,ARM_CORTEX_A7,36,325312.5,NA
comb,ARM_CORTEX_A7,37,334750.5,NA
comb,ARM_CORTEX_A7,38,343093.5,NA
comb,ARM_CORTEX_A7,39,352687.5,NA
comb,ARM_CORTEX_A7,40,360625.5,NA
comb,ARM_CORTEX_A7,41,369874.49999999994,NA
comb,ARM_CORTEX_A7,42,379936.5,NA
comb,ARM_CORTEX_A7,43,388717.5,NA
comb,ARM_CORTEX_A7,44,397375.5,NA
comb,ARM_CORTEX_A7,45,406624.49999999994,NA
comb,ARM_CORTEX_A7,46,415936.5,NA
comb,ARM_CORTEX_A7,47,424936.50000000006,NA
comb,ARM_CORTEX_A7,48,434250.0,NA
comb,ARM_CORTEX_A7,49,443125.50000000006,NA
comb,ARM_CORTEX_A7,50,452374.5,NA
comb,ARM_CORTEX_A7,51,461530.5,NA
comb,ARM_CORTEX_A7,52,470313.0,NA
comb,ARM_CORTEX_A7,53,479500.5,NA
comb,ARM_CORTEX_A7,54,488500.50000000006,NA
comb,ARM_CORTEX_A7,55,497875.5,NA
comb,ARM_CORTEX_A7,56,506749.5,NA
comb,ARM_CORTEX_A7,57,515688.0,NA
comb,ARM_CORTEX_A7,58,524812.5,NA
comb,ARM_CORTEX_A7,59,533688.0,NA
comb,ARM_CORTEX_A7,60,542625.0,NA
comb,ARM_CORTEX_A7,61,551563.5,NA
comb,ARM_CORTEX_A7,62,560812.5,NA
comb,ARM_CORTEX_A7,63,569968.5,NA
comb,ARM_CORTEX_A7,64,578937.0,NA
comb,ARM_CORTEX_A7,65,588063.0,NA
comb,ARM_CORTEX_A7,66,597124.5,NA
comb,ARM_CORTEX_A7,67,605875.5,NA
comb,ARM_CORTEX_A7,68,614875.5,NA
comb,ARM_CORTEX_A7,69,624126.0,NA
comb,ARM_CORTEX_A7,70,633250.5,NA
comb,ARM_CORTEX_A7,71,642436.5,NA
comb,ARM_CORTEX_A7,72,651250.5,NA
comb,ARM_CORTEX_A7,73,660187.5,NA
comb,ARM_CORTEX_A7,74,669249.0,NA
comb,ARM_CORTEX_A7,75,678063.0,NA
comb,ARM_CORTEX_A7,76,687124.5,NA
comb,ARM_CORTEX_A7,77,696312.0,NA
comb,ARM_CORTEX_A7,78,705501.0,NA
comb,ARM_CORTEX_A7,79,714375.0,NA
comb,ARM_CORTEX_A7,80,723436.5,NA
comb,ARM_CORTEX_A7,81,732312.0,NA
comb,ARM_CORTEX_A7,82,741312.0,NA
comb,ARM_CORTEX_A7,83,750249.0,NA
comb,ARM_CORTEX_A7,84,759499.5,NA
comb,ARM_CORTEX_A7,85,768592.5,NA
comb,ARM_CORTEX_A7,86,777499.5000000001,NA
comb,ARM_CORTEX_A7,87,786562.5,NA
comb,ARM_CORTEX_A7,88,795375.0,NA
comb,ARM_CORTEX_A7,89,804375.0000000001,NA
comb,ARM_CORTEX_A7,90,813562.5,NA
comb,ARM_CORTEX_A7,91,822499.5,NA
comb,ARM_CORTEX_A7,92,831562.5,NA
comb,ARM_CORTEX_A7,93,840687.0,NA
comb,ARM_CORTEX_A7,94,849562.5,NA
comb,ARM_CORTEX_A7,95,858625.5,NA
comb,ARM_CORTEX_A7,96,867438.0,NA
comb,ARM_CORTEX_A7,97,876438.0,NA
comb,ARM_CORTEX_A7,98,885750.0,NA
comb,ARM_CORTEX_A7,99,894312.0,NA
comb,ARM_CORTEX_A7,100,903187.5,NA
ant,ARM_CORTEX_A7,1,4938.0,NA
ant,ARM_CORTEX_A7,2,6687.000000000001,NA
ant,ARM_CORTEX_A7,3,8374.5,NA
ant,ARM_CORTEX_A7,4,10000.5,NA
ant,ARM_CORTEX_A7,5,11749.499999999998,NA
ant,ARM_CORTEX_A7,6,13438.5,NA
ant,ARM_CORTEX_A7,7,15124.5,NA
ant,ARM_CORTEX_A7,8,16812.0,NA
ant,ARM_CORTEX_A7,9,18501.0,NA
ant,ARM_CORTEX_A7,10,20250.0,NA
ant,ARM_CORTEX_A7,11,21999.0,NA
ant,ARM_CORTEX_A7,12,23688.0,NA
ant,ARM_CORTEX_A7,13,25563.0,NA
ant,ARM_CORTEX_A7,14,27250.5,NA
ant,ARM_CORTEX_A7,15,29062.5,NA
ant,ARM_CORTEX_A7,16,30750.0,NA
ant,ARM_CORTEX_A7,17,32437.5,NA
ant,ARM_CORTEX_A7,18,34249.5,NA
ant,ARM_CORTEX_A7,19,35938.5,NA
ant,ARM_CORTEX_A7,20,37687.5,NA
ant,ARM_CORTEX_A7,21,39499.5,NA
ant,ARM_CORTEX_A7,22,41188.5,NA
ant,ARM_CORTEX_A7,23,43000.5,NA
ant,ARM_CORTEX_A7,24,44751.0,NA
ant,ARM_CORTEX_A7,25,46500.0,NA
ant,ARM_CORTEX_A7,26,48250.5,NA
ant,ARM_CORTEX_A7,27,50062.5,NA
ant,ARM_CORTEX_A7,28,51874.49999999999,NA
ant,ARM_CORTEX_A7,29,53655.0,NA
ant,ARM_CORTEX_A7,30,55624.49999999999,NA
ant,ARM_CORTEX_A7,31,57438.0,NA
ant,ARM_CORTEX_A7,32,59125.5,NA
ant,ARM_CORTEX_A7,33,60937.5,NA
ant,ARM_CORTEX_A7,34,62655.0,NA
ant,ARM_CORTEX_A7,35,64437.0,NA
ant,ARM_CORTEX_A7,36,66438.0,NA
ant,ARM_CORTEX_A7,37,68313.0,NA
ant,ARM_CORTEX_A7,38,69937.5,NA
ant,ARM_CORTEX_A7,39,72126.0,NA
ant,ARM_CORTEX_A7,40,73374.0,NA
ant,ARM_CORTEX_A7,41,75375.0,NA
ant,ARM_CORTEX_A7,42,77937.0,NA
ant,ARM_CORTEX_A7,43,79251.0,NA
ant,ARM_CORTEX_A7,44,81061.5,NA
ant,ARM_CORTEX_A7,45,83437.5,NA
ant,ARM_CORTEX_A7,46,85249.5,NA
ant,ARM_CORTEX_A7,47,87126.0,NA
ant,ARM_CORTEX_A7,48,88938.0,NA
ant,ARM_CORTEX_A7,49,92062.5,NA
ant,ARM_CORTEX_A7,50,93187.50000000001,NA
ant,ARM_CORTEX_A7,51,96250.5,NA
ant,ARM_CORTEX_A7,52,97125.0,NA
ant,ARM_CORTEX_A7,53,100437.00000000001,NA
ant,ARM_CORTEX_A7,54,101437.5,NA
ant,ARM_CORTEX_A7,55,102999.0,NA
ant,ARM_CORTEX_A7,56,105811.5,NA
ant,ARM_CORTEX_A7,57,109251.0,NA
ant,ARM_CORTEX_A7,58,112186.5,NA
ant,ARM_CORTEX_A7,59,115063.5,NA
ant,ARM_CORTEX_A7,60,116437.5,NA
ant,ARM_CORTEX_A7,61,118312.50000000001,NA
ant,ARM_CORTEX_A7,62,119187.0,NA
ant,ARM_CORTEX_A7,63,121155.0,NA
ant,ARM_CORTEX_A7,64,123906.0,NA
ant,ARM_CORTEX_A7,65,126187.5,NA
ant,ARM_CORTEX_A7,66,129843.0,NA
ant,ARM_CORTEX_A7,67,134749.5,NA
ant,ARM_CORTEX_A7,68,133563.0,NA
ant,ARM_CORTEX_A7,69,134500.5,NA
ant,ARM_CORTEX_A7,70,136938.0,NA
ant,ARM_CORTEX_A7,71,138874.5,NA
ant,ARM_CORTEX_A7,72,140593.5,NA
ant,ARM_CORTEX_A7,73,143749.5,NA
ant,ARM_CORTEX_A7,74,149187.0,NA
ant,ARM_CORTEX_A7,75,151437.0,NA
ant,ARM_CORTEX_A7,76,151155.0,NA
ant,ARM_CORTEX_A7,77,153625.5,NA
ant,ARM_CORTEX_A7,78,156000.0,NA
ant,ARM_CORTEX_A7,79,156250.5,NA
ant,ARM_CORTEX_A7,80,158749.5,NA
ant,ARM_CORTEX_A7,81,162063.0,NA
ant,ARM_CORTEX_A7,82,166813.5,NA
ant,ARM_CORTEX_A7,83,168000.0,NA
ant,ARM_CORTEX_A7,84,169593.0,NA
ant,ARM_CORTEX_A7,85,171531.0,NA
ant,ARM_CORTEX_A7,86,174124.5,NA
ant,ARM_CORTEX_A7,87,173469.0,NA
ant,ARM_CORTEX_A7,88,177499.5,NA
ant,ARM_CORTEX_A7,89,179812.5,NA
ant,ARM_CORTEX_A7,90,187062.00000000003,NA
ant,ARM_CORTEX_A7,91,190780.49999999997,NA
ant,ARM_CORTEX_A7,92,185593.5,NA
ant,ARM_CORTEX_A7,93,193249.5,NA
ant,ARM_CORTEX_A7,94,193968.0,NA
ant,ARM_CORTEX_A7,95,191686.50000000003,NA
ant,ARM_CORTEX_A7,96,193375.50000000003,NA
ant,ARM_CORTEX_A7,97,198781.5,NA
ant,ARM_CORTEX_A7,98,197155.5,NA
ant,ARM_CORTEX_A7,99,193687.5,NA
ant,ARM_CORTEX_A7,100,192249.0,NA
demap,ARM_CORTEX_A7,1,3499.5,1
demap,ARM_CORTEX_A7,2,3687.0,1
demap,ARM_CORTEX_A7,3,3813.0,1
demap,ARM_CORTEX_A7,4,3999.0,1
demap,ARM_CORTEX_A7,5,4188.0,1
demap,ARM_CORTEX_A7,6,4251.0,1
demap,ARM_CORTEX_A7,7,4437.0,1
demap,ARM_CORTEX_A7,8,4624.5,1
demap,ARM_CORTEX_A7,9,4875.0,1
demap,ARM_CORTEX_A7,10,4938.0,1
demap,ARM_CORTEX_A7,11,5125.5,1
demap,ARM_CORTEX_A7,12,5311.5,1
demap,ARM_CORTEX_A7,13,5749.500000000001,1
demap,ARM_CORTEX_A7,14,5749.500000000001,1
demap,ARM_CORTEX_A7,15,5875.5,1
demap,ARM_CORTEX_A7,16,6126.0,1
demap,ARM_CORTEX_A7,17,6250.5,1
demap,ARM_CORTEX_A7,18,6438.0,1
demap,ARM_CORTEX_A7,19,6687.000000000001,1
demap,ARM_CORTEX_A7,20,6750.0,1
demap,ARM_CORTEX_A7,21,6937.5,1
demap,ARM_CORTEX_A7,22,7251.0,1
demap,ARM_CORTEX_A7,23,7437.0,1
demap,ARM_CORTEX_A7,24,7626.0,1
demap,ARM_CORTEX_A7,25,7813.499999999999,1
demap,ARM_CORTEX_A7,26,8124.000000000001,1
demap,ARM_CORTEX_A7,27,8250.0,1
demap,ARM_CORTEX_A7,28,8812.5,1
demap,ARM_CORTEX_A7,29,8812.5,1
demap,ARM_CORTEX_A7,30,9000.0,1
demap,ARM_CORTEX_A7,31,9250.5,1
demap,ARM_CORTEX_A7,32,9499.5,1
demap,ARM_CORTEX_A7,33,9874.5,1
demap,ARM_CORTEX_A7,34,10062.0,1
demap,ARM_CORTEX_A7,35,10000.5,1
demap,ARM_CORTEX_A7,36,10374.0,1
demap,ARM_CORTEX_A7,37,10624.5,1
demap,ARM_CORTEX_A7,38,10750.5,1
demap,ARM_CORTEX_A7,39,11155.5,1
demap,ARM_CORTEX_A7,40,11499.000000000002,1
demap,ARM_CORTEX_A7,41,12063.0,1
demap,ARM_CORTEX_A7,42,11937.000000000002,1
demap,ARM_CORTEX_A7,43,12313.5,1
demap,ARM_CORTEX_A7,44,12811.5,1
demap,ARM_CORTEX_A7,45,12905.999999999998,1
demap,ARM_CORTEX_A7,46,12874.500000000002,1
demap,ARM_CORTEX_A7,47,13030.5,1
demap,ARM_CORTEX_A7,48,13563.000000000002,1
demap,ARM_CORTEX_A7,49,13687.5,1
demap,ARM_CORTEX_A7,50,14125.5,1
demap,ARM_CORTEX_A7,51,15000.000000000002,1
demap,ARM_CORTEX_A7,52,14875.5,1
demap,ARM_CORTEX_A7,53,15312.0,1
demap,ARM_CORTEX_A7,54,15436.5,1
demap,ARM_CORTEX_A7,55,15592.5,1
demap,ARM_CORTEX_A7,56,16125.0,1
demap,ARM_CORTEX_A7,57,16186.5,1
demap,ARM_CORTEX_A7,58,16561.5,1
demap,ARM_CORTEX_A7,59,17343.0,1
demap,ARM_CORTEX_A7,60,17625.0,1
demap,ARM_CORTEX_A7,61,17374.5,1
demap,ARM_CORTEX_A7,62,17437.5,1
demap,ARM_CORTEX_A7,63,18187.5,1
demap,ARM_CORTEX_A7,64,18313.5,1
demap,ARM_CORTEX_A7,65,19468.5,1
demap,ARM_CORTEX_A7,66,19000.5,1
demap,ARM_CORTEX_A7,67,19437.0,1
demap,ARM_CORTEX_A7,68,20437.5,1
demap,ARM_CORTEX_A7,69,20280.0,1
demap,ARM_CORTEX_A7,70,19999.5,1
demap,ARM_CORTEX_A7,71,20311.5,1
demap,ARM_CORTEX_A7,72,21249.0,1
demap,ARM_CORTEX_A7,73,21813.0,1
demap,ARM_CORTEX_A7,74,22999.5,1
demap,ARM_CORTEX_A7,75,22656.0,1
demap,ARM_CORTEX_A7,76,23280.0,1
demap,ARM_CORTEX_A7,77,22624.5,1
demap,ARM_CORTEX_A7,78,23875.5,1
demap,ARM_CORTEX_A7,79,24061.5,1
demap,ARM_CORTEX_A7,80,23842.5,1
demap,ARM_CORTEX_A7,81,24093.0,1
demap,ARM_CORTEX_A7,82,24217.499999999996,1
demap,ARM_CORTEX_A7,83,25624.5,1
demap,ARM_CORTEX_A7,84,25312.5,1
demap,ARM_CORTEX_A7,85,26125.5,1
demap,ARM_CORTEX_A7,86,26686.5,1
demap,ARM_CORTEX_A7,87,26781.0,1
demap,ARM_CORTEX_A7,88,28375.499999999996,1
demap,ARM_CORTEX_A7,89,28437.0,1
demap,ARM_CORTEX_A7,90,28062.0,1
demap,ARM_CORTEX_A7,91,29062.5,1
demap,ARM_CORTEX_A7,92,29281.500000000004,1
demap,ARM_CORTEX_A7,93,29593.5,1
demap,ARM_CORTEX_A7,94,29406.0,1
demap,ARM_CORTEX_A7,95,29437.5,1
demap,ARM_CORTEX_A7,96,30906.000000000004,1
demap,ARM_CORTEX_A7,97,30217.5,1
demap,ARM_CORTEX_A7,98,30250.499999999996,1
demap,ARM_CORTEX_A7,99,30562.5,1
demap,ARM_CORTEX_A7,100,30438.000000000004,1
demap,ARM_CORTEX_A7,1,4312.5,2
demap,ARM_CORTEX_A7,2,5313.0,2
demap,ARM_CORTEX_A7,3,6312.0,2
demap,ARM_CORTEX_A7,4,7312.5,2
demap,ARM_CORTEX_A7,5,8311.5,2
demap,ARM_CORTEX_A7,6,9187.5,2
demap,ARM_CORTEX_A7,7,10188.0,2
demap,ARM_CORTEX_A7,8,11188.5,2
demap,ARM_CORTEX_A7,9,12187.499999999998,2
demap,ARM_CORTEX_A7,10,13188.0,2
demap,ARM_CORTEX_A7,11,14250.0,2
demap,ARM_CORTEX_A7,12,15625.5,2
demap,ARM_CORTEX_A7,13,16374.0,2
demap,ARM_CORTEX_A7,14,17374.5,2
demap,ARM_CORTEX_A7,15,18375.0,2
demap,ARM_CORTEX_A7,16,19312.5,2
demap,ARM_CORTEX_A7,17,20374.5,2
demap,ARM_CORTEX_A7,18,21312.0,2
demap,ARM_CORTEX_A7,19,22375.5,2
demap,ARM_CORTEX_A7,20,23500.5,2
demap,ARM_CORTEX_A7,21,24312.000000000004,2
demap,ARM_CORTEX_A7,22,25500.0,2
demap,ARM_CORTEX_A7,23,26374.5,2
demap,ARM_CORTEX_A7,24,27436.500000000004,2
demap,ARM_CORTEX_A7,25,28626.0,2
demap,ARM_CORTEX_A7,26,29563.5,2
demap,ARM_CORTEX_A7,27,31000.5,2
demap,ARM_CORTEX_A7,28,32001.0,2
demap,ARM_CORTEX_A7,29,32937.0,2
demap,ARM_CORTEX_A7,30,33906.0,2
demap,ARM_CORTEX_A7,31,34813.5,2
demap,ARM_CORTEX_A7,32,35875.5,2
demap,ARM_CORTEX_A7,33,37375.5,2
demap,ARM_CORTEX_A7,34,38937.0,2
demap,ARM_CORTEX_A7,35,39750.0,2
demap,ARM_CORTEX_A7,36,40437.0,2
demap,ARM_CORTEX_A7,37,41499.0,2
demap,ARM_CORTEX_A7,38,42718.5,2
demap,ARM_CORTEX_A7,39,43656.0,2
demap,ARM_CORTEX_A7,40,45000.0,2
demap,ARM_CORTEX_A7,41,45687.0,2
demap,ARM_CORTEX_A7,42,47187.00000000001,2
demap,ARM_CORTEX_A7,43,48124.5,2
demap,ARM_CORTEX_A7,44,49813.5,2
demap,ARM_CORTEX_A7,45,50500.5,2
demap,ARM_CORTEX_A7,46,51312.0,2
demap,ARM_CORTEX_A7,47,52561.5,2
demap,ARM_CORTEX_A7,48,54499.5,2
demap,ARM_CORTEX_A7,49,55500.0,2
demap,ARM_CORTEX_A7,50,56313.0,2
demap,ARM_CORTEX_A7,51,59686.5,2
demap,ARM_CORTEX_A7,52,59187.0,2
demap,ARM_CORTEX_A7,53,60000.00000000001,2
demap,ARM_CORTEX_A7,54,60906.0,2
demap,ARM_CORTEX_A7,55,61999.5,2
demap,ARM_CORTEX_A7,56,64062.0,2
demap,ARM_CORTEX_A7,57,64561.49999999999,2
demap,ARM_CORTEX_A7,58,65905.5,2
demap,ARM_CORTEX_A7,59,66999.0,2
demap,ARM_CORTEX_A7,60,67437.0,2
demap,ARM_CORTEX_A7,61,69156.0,2
demap,ARM_CORTEX_A7,62,70093.5,2
demap,ARM_CORTEX_A7,63,71311.5,2
demap,ARM_CORTEX_A7,64,73593.0,2
demap,ARM_CORTEX_A7,65,74125.5,2
demap,ARM_CORTEX_A7,66,74937.0,2
demap,ARM_CORTEX_A7,67,78124.5,2
demap,ARM_CORTEX_A7,68,76875.0,2
demap,ARM_CORTEX_A7,69,79188.0,2
demap,ARM_CORTEX_A7,70,78750.0,2
demap,ARM_CORTEX_A7,71,81000.0,2
demap,ARM_CORTEX_A7,72,84217.5,2
demap,ARM_CORTEX_A7,73,84217.5,2
demap,ARM_CORTEX_A7,74,84750.0,2
demap,ARM_CORTEX_A7,75,85812.0,2
demap,ARM_CORTEX_A7,76,88717.5,2
demap,ARM_CORTEX_A7,77,88717.5,2
demap,ARM_CORTEX_A7,78,90217.5,2
demap,ARM_CORTEX_A7,79,93969.0,2
demap,ARM_CORTEX_A7,80,92186.99999999999,2
demap,ARM_CORTEX_A7,81,95625.0,2
demap,ARM_CORTEX_A7,82,94843.5,2
demap,ARM_CORTEX_A7,83,96313.49999999999,2
demap,ARM_CORTEX_A7,84,97062.0,2
demap,ARM_CORTEX_A7,85,97188.0,2
demap,ARM_CORTEX_A7,86,98625.0,2
demap,ARM_CORTEX_A7,87,101001.0,2
demap,ARM_CORTEX_A7,88,101968.49999999999,2
demap,ARM_CORTEX_A7,89,103249.5,2
demap,ARM_CORTEX_A7,90,106531.5,2
demap,ARM_CORTEX_A7,91,106125.0,2
demap,ARM_CORTEX_A7,92,107530.50000000001,2
demap,ARM_CORTEX_A7,93,108594.0,2
demap,ARM_CORTEX_A7,94,109249.5,2
demap,ARM_CORTEX_A7,95,110875.5,2
demap,ARM_CORTEX_A7,96,111248.99999999999,2
demap,ARM_CORTEX_A7,97,111999.00000000001,2
demap,ARM_CORTEX_A7,98,113092.50000000001,2
demap,ARM_CORTEX_A7,99,114499.5,2
demap,ARM_CORTEX_A7,100,114813.0,2
demap,ARM_CORTEX_A7,1,7812.0,4
demap,ARM_CORTEX_A7,2,12250.5,4
demap,ARM_CORTEX_A7,3,17187.0,4
demap,ARM_CORTEX_A7,4,22312.5,4
demap,ARM_CORTEX_A7,5,25936.5,4
demap,ARM_CORTEX_A7,6,30249.0,4
demap,ARM_CORTEX_A7,7,34500.0,4
demap,ARM_CORTEX_A7,8,39126.0,4
demap,ARM_CORTEX_A7,9,43717.5,4
demap,ARM_CORTEX_A7,10,48405.0,4
demap,ARM_CORTEX_A7,11,53343.00000000001,4
demap,ARM_CORTEX_A7,12,60375.00000000001,4
demap,ARM_CORTEX_A7,13,64624.5,4
demap,ARM_CORTEX_A7,14,66501.0,4
demap,ARM_CORTEX_A7,15,71343.0,4
demap,ARM_CORTEX_A7,16,75250.5,4
demap,ARM_CORTEX_A7,17,80218.5,4
demap,ARM_CORTEX_A7,18,84687.0,4
demap,ARM_CORTEX_A7,19,91342.5,4
demap,ARM_CORTEX_A7,20,97281.0,4
demap,ARM_CORTEX_A7,21,101311.5,4
demap,ARM_CORTEX_A7,22,104562.0,4
demap,ARM_CORTEX_A7,23,111625.5,4
demap,ARM_CORTEX_A7,24,112499.99999999999,4
demap,ARM_CORTEX_A7,25,119469.0,4
demap,ARM_CORTEX_A7,26,120874.5,4
demap,ARM_CORTEX_A7,27,125937.0,4
demap,ARM_CORTEX_A7,28,130749.0,4
demap,ARM_CORTEX_A7,29,136155.0,4
demap,ARM_CORTEX_A7,30,141312.0,4
demap,ARM_CORTEX_A7,31,144156.0,4
demap,ARM_CORTEX_A7,32,149124.0,4
demap,ARM_CORTEX_A7,33,154156.5,4
demap,ARM_CORTEX_A7,34,163405.5,4
demap,ARM_CORTEX_A7,35,168093.0,4
demap,ARM_CORTEX_A7,36,167437.5,4
demap,ARM_CORTEX_A7,37,172156.5,4
demap,ARM_CORTEX_A7,38,176374.5,4
demap,ARM_CORTEX_A7,39,181563.0,4
demap,ARM_CORTEX_A7,40,192000.0,4
demap,ARM_CORTEX_A7,41,191343.0,4
demap,ARM_CORTEX_A7,42,201155.99999999997,4
demap,ARM_CORTEX_A7,43,206250.0,4
demap,ARM_CORTEX_A7,44,210906.00000000003,4
demap,ARM_CORTEX_A7,45,214843.5,4
demap,ARM_CORTEX_A7,46,213688.5,4
demap,ARM_CORTEX_A7,47,225562.5,4
demap,ARM_CORTEX_A7,48,228406.5,4
demap,ARM_CORTEX_A7,49,234187.49999999997,4
demap,ARM_CORTEX_A7,50,239500.5,4
demap,ARM_CORTEX_A7,51,240843.0,4
demap,ARM_CORTEX_A7,52,248937.00000000003,4
demap,ARM_CORTEX_A7,53,252843.0,4
demap,ARM_CORTEX_A7,54,258249.0,4
demap,ARM_CORTEX_A7,55,263376.0,4
demap,ARM_CORTEX_A7,56,267750.0,4
demap,ARM_CORTEX_A7,57,272001.0,4
demap,ARM_CORTEX_A7,58,277155.0,4
demap,ARM_CORTEX_A7,59,281874.0,4
demap,ARM_CORTEX_A7,60,286875.0,4
demap,ARM_CORTEX_A7,61,291594.0,4
demap,ARM_CORTEX_A7,62,296125.5,4
demap,ARM_CORTEX_A7,63,300624.0,4
demap,ARM_CORTEX_A7,64,306063.0,4
demap,ARM_CORTEX_A7,65,310188.0,4
demap,ARM_CORTEX_A7,66,315000.0,4
demap,ARM_CORTEX_A7,67,320125.5,4
demap,ARM_CORTEX_A7,68,324438.0,4
demap,ARM_CORTEX_A7,69,328905.0,4
demap,ARM_CORTEX_A7,70,333687.0,4
demap,ARM_CORTEX_A7,71,338749.5,4
demap,ARM_CORTEX_A7,72,343780.5,4
demap,ARM_CORTEX_A7,73,348126.0,4
demap,ARM_CORTEX_A7,74,352968.0,4
demap,ARM_CORTEX_A7,75,358500.0,4
demap,ARM_CORTEX_A7,76,362749.5,4
demap,ARM_CORTEX_A7,77,367125.0,4
demap,ARM_CORTEX_A7,78,371875.5,4
demap,ARM_CORTEX_A7,79,377250.0,4
demap,ARM_CORTEX_A7,80,381813.0,4
demap,ARM_CORTEX_A7,81,386563.5,4
demap,ARM_CORTEX_A7,82,391437.0,4
demap,ARM_CORTEX_A7,83,396000.00000000006,4
demap,ARM_CORTEX_A7,84,400375.49999999994,4
demap,ARM_CORTEX_A7,85,405687.0,4
demap,ARM_CORTEX_A7,86,410374.5,4
demap,ARM_CORTEX_A7,87,415251.0,4
demap,ARM_CORTEX_A7,88,419812.5,4
demap,ARM_CORTEX_A7,89,424342.50000000006,4
demap,ARM_CORTEX_A7,90,428875.5,4
demap,ARM_CORTEX_A7,91,433905.0,4
demap,ARM_CORTEX_A7,92,438562.5,4
demap,ARM_CORTEX_A7,93,443688.0,4
demap,ARM_CORTEX_A7,94,447937.5,4
demap,ARM_CORTEX_A7,95,452749.5,4
demap,ARM_CORTEX_A7,96,457062.0,4
demap,ARM_CORTEX_A7,97,458530.5,4
demap,ARM_CORTEX_A7,98,459625.5,4
demap,ARM_CORTEX_A7,99,463843.5,4
demap,ARM_CORTEX_A7,100,467437.5,4
demap,ARM_CORTEX_A7,1,10000.5,6
demap,ARM_CORTEX_A7,2,16626.0,6
demap,ARM_CORTEX_A7,3,24000.0,6
demap,ARM_CORTEX_A7,4,31188.0,6
demap,ARM_CORTEX_A7,5,37500.0,6
demap,ARM_CORTEX_A7,6,44437.5,6
demap,ARM_CORTEX_A7,7,49875.0,6
demap,ARM_CORTEX_A7,8,59749.50000000001,6
demap,ARM_CORTEX_A7,9,77718.0,6
demap,ARM_CORTEX_A7,10,84811.5,6
demap,ARM_CORTEX_A7,11,91032.0,6
demap,ARM_CORTEX_A7,12,98374.5,6
demap,ARM_CORTEX_A7,13,105436.49999999999,6
demap,ARM_CORTEX_A7,14,111749.99999999999,6
demap,ARM_CORTEX_A7,15,117967.5,6
demap,ARM_CORTEX_A7,16,124624.5,6
demap,ARM_CORTEX_A7,17,120187.5,6
demap,ARM_CORTEX_A7,18,129030.00000000001,6
demap,ARM_CORTEX_A7,19,134718.0,6
demap,ARM_CORTEX_A7,20,141750.0,6
demap,ARM_CORTEX_A7,21,148437.0,6
demap,ARM_CORTEX_A7,22,155562.0,6
demap,ARM_CORTEX_A7,23,162499.5,6
demap,ARM_CORTEX_A7,24,168030.0,6
demap,ARM_CORTEX_A7,25,176062.5,6
demap,ARM_CORTEX_A7,26,182874.0,6
demap,ARM_CORTEX_A7,27,189811.5,6
demap,ARM_CORTEX_A7,28,196624.5,6
demap,ARM_CORTEX_A7,29,203936.99999999997,6
demap,ARM_CORTEX_A7,30,205312.5,6
demap,ARM_CORTEX_A7,31,214281.00000000003,6
demap,ARM_CORTEX_A7,32,223938.0,6
demap,ARM_CORTEX_A7,33,229468.5,6
demap,ARM_CORTEX_A7,34,237969.0,6
demap,ARM_CORTEX_A7,35,245062.5,6
demap,ARM_CORTEX_A7,36,252000.0,6
demap,ARM_CORTEX_A7,37,258688.5,6
demap,ARM_CORTEX_A7,38,265561.5,6
demap,ARM_CORTEX_A7,39,272311.5,6
demap,ARM_CORTEX_A7,40,279499.5,6
demap,ARM_CORTEX_A7,41,286500.0,6
demap,ARM_CORTEX_A7,42,293437.5,6
demap,ARM_CORTEX_A7,43,298936.5,6
demap,ARM_CORTEX_A7,44,307438.5,6
demap,ARM_CORTEX_A7,45,314125.5,6
demap,ARM_CORTEX_A7,46,320749.5,6
demap,ARM_CORTEX_A7,47,328062.0,6
demap,ARM_CORTEX_A7,48,334999.5,6
demap,ARM_CORTEX_A7,49,341625.0,6
demap,ARM_CORTEX_A7,50,348250.5,6
demap,ARM_CORTEX_A7,51,355312.5,6
demap,ARM_CORTEX_A7,52,362688.0,6
demap,ARM_CORTEX_A7,53,369625.50000000006,6
demap,ARM_CORTEX_A7,54,376125.0,6
demap,ARM_CORTEX_A7,55,383499.0,6
demap,ARM_CORTEX_A7,56,390375.0,6
demap,ARM_CORTEX_A7,57,397281.00000000006,6
demap,ARM_CORTEX_A7,58,403999.5,6
demap,ARM_CORTEX_A7,59,411126.0,6
demap,ARM_CORTEX_A7,60,418188.0,6
demap,ARM_CORTEX_A7,61,424938.0,6
demap,ARM_CORTEX_A7,62,431749.49999999994,6
demap,ARM_CORTEX_A7,63,438780.0,6
demap,ARM_CORTEX_A7,64,445593.0,6
demap,ARM_CORTEX_A7,65,452718.0,6
demap,ARM_CORTEX_A7,66,459499.5,6
demap,ARM_CORTEX_A7,67,466438.49999999994,6
demap,ARM_CORTEX_A7,68,473313.0,6
demap,ARM_CORTEX_A7,69,480625.49999999994,6
demap,ARM_CORTEX_A7,70,487062.0,6
demap,ARM_CORTEX_A7,71,493936.5,6
demap,ARM_CORTEX_A7,72,500875.5,6
demap,ARM_CORTEX_A7,73,508062.0,6
demap,ARM_CORTEX_A7,74,514750.5,6
demap,ARM_CORTEX_A7,75,521812.5,6
demap,ARM_CORTEX_A7,76,528625.5,6
demap,ARM_CORTEX_A7,77,535936.5,6
demap,ARM_CORTEX_A7,78,542562.0,6
demap,ARM_CORTEX_A7,79,549436.5,6
demap,ARM_CORTEX_A7,80,556374.0,6
demap,ARM_CORTEX_A7,81,563437.5,6
demap,ARM_CORTEX_A7,82,570312.0,6
demap,ARM_CORTEX_A7,83,577125.0,6
demap,ARM_CORTEX_A7,84,584530.5,6
demap,ARM_CORTEX_A7,85,591124.5,6
demap,ARM_CORTEX_A7,86,598125.0,6
demap,ARM_CORTEX_A7,87,605124.0,6
demap,ARM_CORTEX_A7,88,611812.5,6
demap,ARM_CORTEX_A7,89,618967.5,6
demap,ARM_CORTEX_A7,90,625563.0,6
demap,ARM_CORTEX_A7,91,632874.0,6
demap,ARM_CORTEX_A7,92,640218.0,6
demap,ARM_CORTEX_A7,93,646875.0,6
demap,ARM_CORTEX_A7,94,653374.5,6
demap,ARM_CORTEX_A7,95,659937.0,6
demap,ARM_CORTEX_A7,96,667063.5,6
demap,ARM_CORTEX_A7,97,673687.5,6
demap,ARM_CORTEX_A7,98,679375.5,6
demap,ARM_CORTEX_A7,99,681967.5,6
demap,ARM_CORTEX_A7,100,689500.5,6
demap,ARM_CORTEX_A7,1,12000.0,8
demap,ARM_CORTEX_A7,2,20688.0,8
demap,ARM_CORTEX_A7,3,30063.0,8
demap,ARM_CORTEX_A7,4,39375.0,8
demap,ARM_CORTEX_A7,5,47312.99999999999,8
demap,ARM_CORTEX_A7,6,55905.0,8
demap,ARM_CORTEX_A7,7,65279.99999999999,8
demap,ARM_CORTEX_A7,8,75249.0,8
demap,ARM_CORTEX_A7,9,96000.0,8
demap,ARM_CORTEX_A7,10,104905.5,8
demap,ARM_CORTEX_A7,11,113343.00000000001,8
demap,ARM_CORTEX_A7,12,123780.0,8
demap,ARM_CORTEX_A7,13,131749.5,8
demap,ARM_CORTEX_A7,14,139843.5,8
demap,ARM_CORTEX_A7,15,148749.0,8
demap,ARM_CORTEX_A7,16,157500.0,8
demap,ARM_CORTEX_A7,17,155437.5,8
demap,ARM_CORTEX_A7,18,163687.5,8
demap,ARM_CORTEX_A7,19,173343.0,8
demap,ARM_CORTEX_A7,20,181624.5,8
demap,ARM_CORTEX_A7,21,189624.0,8
demap,ARM_CORTEX_A7,22,199563.0,8
demap,ARM_CORTEX_A7,23,209124.0,8
demap,ARM_CORTEX_A7,24,217656.00000000003,8
demap,ARM_CORTEX_A7,25,226624.49999999997,8
demap,ARM_CORTEX_A7,26,235437.00000000003,8
demap,ARM_CORTEX_A7,27,244342.5,8
demap,ARM_CORTEX_A7,28,252156.0,8
demap,ARM_CORTEX_A7,29,262500.0,8
demap,ARM_CORTEX_A7,30,270624.0,8
demap,ARM_CORTEX_A7,31,279874.5,8
demap,ARM_CORTEX_A7,32,288688.5,8
demap,ARM_CORTEX_A7,33,298125.0,8
demap,ARM_CORTEX_A7,34,307125.0,8
demap,ARM_CORTEX_A7,35,316000.5,8
demap,ARM_CORTEX_A7,36,324625.5,8
demap,ARM_CORTEX_A7,37,333688.5,8
demap,ARM_CORTEX_A7,38,342499.5,8
demap,ARM_CORTEX_A7,39,351562.5,8
demap,ARM_CORTEX_A7,40,360375.0,8
demap,ARM_CORTEX_A7,41,369499.5,8
demap,ARM_CORTEX_A7,42,378499.5,8
demap,ARM_CORTEX_A7,43,387625.5,8
demap,ARM_CORTEX_A7,44,396625.50000000006,8
demap,ARM_CORTEX_A7,45,405250.49999999994,8
demap,ARM_CORTEX_A7,46,414061.5,8
demap,ARM_CORTEX_A7,47,423217.49999999994,8
demap,ARM_CORTEX_A7,48,432187.50000000006,8
demap,ARM_CORTEX_A7,49,440875.5,8
demap,ARM_CORTEX_A7,50,449999.99999999994,8
demap,ARM_CORTEX_A7,51,459061.5,8
demap,ARM_CORTEX_A7,52,468000.0,8
demap,ARM_CORTEX_A7,53,477063.0,8
demap,ARM_CORTEX_A7,54,485812.5,8
demap,ARM_CORTEX_A7,55,494812.5,8
demap,ARM_CORTEX_A7,56,503125.5,8
demap,ARM_CORTEX_A7,57,512500.49999999994,8
demap,ARM_CORTEX_A7,58,521313.0,8
demap,ARM_CORTEX_A7,59,530874.0,8
demap,ARM_CORTEX_A7,60,539688.0,8
demap,ARM_CORTEX_A7,61,548562.0,8
demap,ARM_CORTEX_A7,62,557374.5,8
demap,ARM_CORTEX_A7,63,566250.0,8
demap,ARM_CORTEX_A7,64,575500.5,8
demap,ARM_CORTEX_A7,65,583875.0,8
demap,ARM_CORTEX_A7,66,593437.5,8
demap,ARM_CORTEX_A7,67,602500.5,8
demap,ARM_CORTEX_A7,68,611688.0,8
demap,ARM_CORTEX_A7,69,620406.0,8
demap,ARM_CORTEX_A7,70,628999.5,8
demap,ARM_CORTEX_A7,71,637999.5,8
demap,ARM_CORTEX_A7,72,647188.5,8
demap,ARM_CORTEX_A7,73,655999.5,8
demap,ARM_CORTEX_A7,74,664875.0,8
demap,ARM_CORTEX_A7,75,674001.0,8
demap,ARM_CORTEX_A7,76,683062.5,8
demap,ARM_CORTEX_A7,77,691875.0,8
demap,ARM_CORTEX_A7,78,700812.0,8
demap,ARM_CORTEX_A7,79,709687.5,8
demap,ARM_CORTEX_A7,80,718812.0,8
demap,ARM_CORTEX_A7,81,727749.0,8
demap,ARM_CORTEX_A7,82,736999.5000000001,8
demap,ARM_CORTEX_A7,83,746062.5,8
demap,ARM_CORTEX_A7,84,754624.5,8
demap,ARM_CORTEX_A7,85,763905.0,8
demap,ARM_CORTEX_A7,86,772875.0,8
demap,ARM_CORTEX_A7,87,781375.5,8
demap,ARM_CORTEX_A7,88,790312.5,8
demap,ARM_CORTEX_A7,89,799375.5000000001,8
demap,ARM_CORTEX_A7,90,808187.9999999999,8
demap,ARM_CORTEX_A7,91,817780.5,8
demap,ARM_CORTEX_A7,92,826499.9999999999,8
demap,ARM_CORTEX_A7,93,835312.5,8
demap,ARM_CORTEX_A7,94,844125.0,8
demap,ARM_CORTEX_A7,95,852874.5,8
demap,ARM_CORTEX_A7,96,861501.0,8
demap,ARM_CORTEX_A7,97,870312.0,8
demap,ARM_CORTEX_A7,98,878436.0,8
demap,ARM_CORTEX_A7,99,883000.5,8
demap,ARM_CORTEX_A7,100,891750.0,8
mf,ARM_CORTEX_A15,1,15074.099999999999,NA
mf,ARM_CORTEX_A15,2,4725.0,NA
mf,ARM_CORTEX_A15,3,4950.0,NA
mf,ARM_CORTEX_A15,4,5175.0,NA
mf,ARM_CORTEX_A15,5,5475.599999999999,NA
mf,ARM_CORTEX_A15,6,5700.599999999999,NA
mf,ARM_CORTEX_A15,7,5999.400000000001,NA
mf,ARM_CORTEX_A15,8,6224.400000000001,NA
mf,ARM_CORTEX_A15,9,6525.0,NA
mf,ARM_CORTEX_A15,10,6750.0,NA
mf,ARM_CORTEX_A15,11,7349.4,NA
mf,ARM_CORTEX_A15,12,7948.799999999999,NA
mf,ARM_CORTEX_A15,13,8100.0,NA
mf,ARM_CORTEX_A15,14,7799.4,NA
mf,ARM_CORTEX_A15,15,7948.799999999999,NA
mf,ARM_CORTEX_A15,16,8100.0,NA
mf,ARM_CORTEX_A15,17,8325.0,NA
mf,ARM_CORTEX_A15,18,8623.800000000001,NA
mf,ARM_CORTEX_A15,19,8850.599999999999,NA
mf,ARM_CORTEX_A15,20,9075.6,NA
mf,ARM_CORTEX_A15,21,9300.6,NA
mf,ARM_CORTEX_A15,22,9601.2,NA
mf,ARM_CORTEX_A15,23,9900.0,NA
mf,ARM_CORTEX_A15,24,10125.0,NA
mf,ARM_CORTEX_A15,25,10350.0,NA
mf,ARM_CORTEX_A15,26,10648.8,NA
mf,ARM_CORTEX_A15,27,10875.6,NA
mf,ARM_CORTEX_A15,28,11100.6,NA
mf,ARM_CORTEX_A15,29,11325.6,NA
mf,ARM_CORTEX_A15,30,11624.4,NA
mf,ARM_CORTEX_A15,31,11849.400000000001,NA
mf,ARM_CORTEX_A15,32,12076.199999999999,NA
mf,ARM_CORTEX_A15,33,12375.0,NA
mf,ARM_CORTEX_A15,34,12600.0,NA
mf,ARM_CORTEX_A15,35,12825.0,NA
mf,ARM_CORTEX_A15,36,13050.0,NA
mf,ARM_CORTEX_A15,37,13311.9,NA
mf,ARM_CORTEX_A15,38,13575.6,NA
mf,ARM_CORTEX_A15,39,13800.599999999999,NA
mf,ARM_CORTEX_A15,40,14099.4,NA
mf,ARM_CORTEX_A15,41,14324.400000000001,NA
mf,ARM_CORTEX_A15,42,14551.199999999999,NA
mf,ARM_CORTEX_A15,43,14850.000000000002,NA
mf,ARM_CORTEX_A15,44,15148.800000000001,NA
mf,ARM_CORTEX_A15,45,15373.8,NA
mf,ARM_CORTEX_A15,46,15600.6,NA
mf,ARM_CORTEX_A15,47,15862.500000000002,NA
mf,ARM_CORTEX_A15,48,16124.4,NA
mf,ARM_CORTEX_A15,49,16351.199999999999,NA
mf,ARM_CORTEX_A15,50,16650.0,NA
mf,ARM_CORTEX_A15,51,17026.2,NA
mf,ARM_CORTEX_A15,52,17251.2,NA
mf,ARM_CORTEX_A15,53,17550.0,NA
mf,ARM_CORTEX_A15,54,17848.8,NA
mf,ARM_CORTEX_A15,55,18073.8,NA
mf,ARM_CORTEX_A15,56,18300.6,NA
mf,ARM_CORTEX_A15,57,18599.399999999998,NA
mf,ARM_CORTEX_A15,58,18826.199999999997,NA
mf,ARM_CORTEX_A15,59,19051.2,NA
mf,ARM_CORTEX_A15,60,19276.2,NA
mf,ARM_CORTEX_A15,61,19575.0,NA
mf,ARM_CORTEX_A15,62,19800.0,NA
mf,ARM_CORTEX_A15,63,20025.0,NA
mf,ARM_CORTEX_A15,64,20325.6,NA
mf,ARM_CORTEX_A15,65,20550.6,NA
mf,ARM_CORTEX_A15,66,20849.4,NA
mf,ARM_CORTEX_A15,67,21074.4,NA
mf,ARM_CORTEX_A15,68,21375.0,NA
mf,ARM_CORTEX_A15,69,21600.0,NA
mf,ARM_CORTEX_A15,70,21825.0,NA
mf,ARM_CORTEX_A15,71,22123.8,NA
mf,ARM_CORTEX_A15,72,22350.6,NA
mf,ARM_CORTEX_A15,73,22649.399999999998,NA
mf,ARM_CORTEX_A15,74,22874.399999999998,NA
mf,ARM_CORTEX_A15,75,23175.0,NA
mf,ARM_CORTEX_A15,76,23400.0,NA
mf,ARM_CORTEX_A15,77,23625.0,NA
mf,ARM_CORTEX_A15,78,23925.600000000002,NA
mf,ARM_CORTEX_A15,79,24148.8,NA
mf,ARM_CORTEX_A15,80,24449.4,NA
mf,ARM_CORTEX_A15,81,24674.4,NA
mf,ARM_CORTEX_A15,82,24975.0,NA
mf,ARM_CORTEX_A15,83,25200.0,NA
mf,ARM_CORTEX_A15,84,25425.0,NA
mf,ARM_CORTEX_A15,85,25725.6,NA
mf,ARM_CORTEX_A15,86,26026.2,NA
mf,ARM_CORTEX_A15,87,26325.0,NA
mf,ARM_CORTEX_A15,88,26623.8,NA
mf,ARM_CORTEX_A15,89,26848.800000000003,NA
mf,ARM_CORTEX_A15,90,27075.6,NA
mf,ARM_CORTEX_A15,91,27374.4,NA
mf,ARM_CORTEX_A15,92,27601.199999999997,NA
mf,ARM_CORTEX_A15,93,27900.0,NA
mf,ARM_CORTEX_A15,94,28125.0,NA
mf,ARM_CORTEX_A15,95,28350.0,NA
mf,ARM_CORTEX_A15,96,28650.600000000002,NA
mf,ARM_CORTEX_A15,97,28875.6,NA
mf,ARM_CORTEX_A15,98,29176.2,NA
mf,ARM_CORTEX_A15,99,29511.899999999998,NA
mf,ARM_CORTEX_A15,100,29773.8,NA
fft,ARM_CORTEX_A15,1,4800.6,NA
fft,ARM_CORTEX_A15,2,5850.0,NA
fft,ARM_CORTEX_A15,3,8026.2,NA
fft,ARM_CORTEX_A15,4,8024.400000000001,NA
fft,ARM_CORTEX_A15,5,8024.400000000001,NA
fft,ARM_CORTEX_A15,6,13125.6,NA
fft,ARM_CORTEX_A15,7,13125.6,NA
fft,ARM_CORTEX_A15,8,13050.0,NA
fft,ARM_CORTEX_A15,9,13123.800000000001,NA
fft,ARM_CORTEX_A15,10,13050.0,NA
fft,ARM_CORTEX_A15,11,24226.199999999997,NA
fft,ARM_CORTEX_A15,12,24226.199999999997,NA
fft,ARM_CORTEX_A15,13,24224.4,NA
fft,ARM_CORTEX_A15,14,24224.4,NA
fft,ARM_CORTEX_A15,15,24224.4,NA
fft,ARM_CORTEX_A15,16,24224.4,NA
fft,ARM_CORTEX_A15,17,24150.600000000002,NA
fft,ARM_CORTEX_A15,18,24224.4,NA
fft,ARM_CORTEX_A15,19,24150.600000000002,NA
fft,ARM_CORTEX_A15,20,24150.600000000002,NA
fft,ARM_CORTEX_A15,21,24148.8,NA
fft,ARM_CORTEX_A15,22,48976.2,NA
fft,ARM_CORTEX_A15,23,48976.2,NA
fft,ARM_CORTEX_A15,24,48974.4,NA
fft,ARM_CORTEX_A15,25,48974.4,NA
fft,ARM_CORTEX_A15,26,48974.4,NA
fft,ARM_CORTEX_A15,27,48900.6,NA
fft,ARM_CORTEX_A15,28,48900.6,NA
fft,ARM_CORTEX_A15,29,48900.6,NA
fft,ARM_CORTEX_A15,30,48898.8,NA
fft,ARM_CORTEX_A15,31,48898.8,NA
fft,ARM_CORTEX_A15,32,48898.8,NA
fft,ARM_CORTEX_A15,33,48898.8,NA
fft,ARM_CORTEX_A15,34,48825.0,NA
fft,ARM_CORTEX_A15,35,48898.8,NA
fft,ARM_CORTEX_A15,36,48825.0,NA
fft,ARM_CORTEX_A15,37,48825.0,NA
fft,ARM_CORTEX_A15,38,48825.0,NA
fft,ARM_CORTEX_A15,39,48825.0,NA
fft,ARM_CORTEX_A15,40,48825.0,NA
fft,ARM_CORTEX_A15,41,48825.0,NA
fft,ARM_CORTEX_A15,42,48749.4,NA
fft,ARM_CORTEX_A15,43,53173.8,NA
fft,ARM_CORTEX_A15,44,53173.8,NA
fft,ARM_CORTEX_A15,45,53100.0,NA
fft,ARM_CORTEX_A15,46,53173.8,NA
fft,ARM_CORTEX_A15,47,53026.2,NA
fft,ARM_CORTEX_A15,48,53026.2,NA
fft,ARM_CORTEX_A15,49,53024.4,NA
fft,ARM_CORTEX_A15,50,52950.6,NA
fft,ARM_CORTEX_A15,51,103800.6,NA
fft,ARM_CORTEX_A15,52,103798.8,NA
fft,ARM_CORTEX_A15,53,103800.6,NA
fft,ARM_CORTEX_A15,54,103725.0,NA
fft,ARM_CORTEX_A15,55,103725.0,NA
fft,ARM_CORTEX_A15,56,103725.0,NA
fft,ARM_CORTEX_A15,57,103725.0,NA
fft,ARM_CORTEX_A15,58,103649.4,NA
fft,ARM_CORTEX_A15,59,103651.20000000001,NA
fft,ARM_CORTEX_A15,60,103649.4,NA
fft,ARM_CORTEX_A15,61,103649.4,NA
fft,ARM_CORTEX_A15,62,103649.4,NA
fft,ARM_CORTEX_A15,63,103649.4,NA
fft,ARM_CORTEX_A15,64,103649.4,NA
fft,ARM_CORTEX_A15,65,103649.4,NA
fft,ARM_CORTEX_A15,66,103575.59999999999,NA
fft,ARM_CORTEX_A15,67,103575.59999999999,NA
fft,ARM_CORTEX_A15,68,103573.79999999999,NA
fft,ARM_CORTEX_A15,69,103575.59999999999,NA
fft,ARM_CORTEX_A15,70,103575.59999999999,NA
fft,ARM_CORTEX_A15,71,103575.59999999999,NA
fft,ARM_CORTEX_A15,72,103575.59999999999,NA
fft,ARM_CORTEX_A15,73,103573.79999999999,NA
fft,ARM_CORTEX_A15,74,103500.0,NA
fft,ARM_CORTEX_A15,75,103573.79999999999,NA
fft,ARM_CORTEX_A15,76,103500.0,NA
fft,ARM_CORTEX_A15,77,103500.0,NA
fft,ARM_CORTEX_A15,78,103500.0,NA
fft,ARM_CORTEX_A15,79,103500.0,NA
fft,ARM_CORTEX_A15,80,103500.0,NA
fft,ARM_CORTEX_A15,81,103426.2,NA
fft,ARM_CORTEX_A15,82,103424.4,NA
fft,ARM_CORTEX_A15,83,103424.4,NA
fft,ARM_CORTEX_A15,84,103350.6,NA
fft,ARM_CORTEX_A15,85,103348.8,NA
fft,ARM_CORTEX_A15,86,113324.40000000001,NA
fft,ARM_CORTEX_A15,87,113250.59999999999,NA
fft,ARM_CORTEX_A15,88,113250.59999999999,NA
fft,ARM_CORTEX_A15,89,113248.8,NA
fft,ARM_CORTEX_A15,90,113250.59999999999,NA
fft,ARM_CORTEX_A15,91,113175.0,NA
fft,ARM_CORTEX_A15,92,113248.8,NA
fft,ARM_CORTEX_A15,93,113175.0,NA
fft,ARM_CORTEX_A15,94,113175.0,NA
fft,ARM_CORTEX_A15,95,113175.0,NA
fft,ARM_CORTEX_A15,96,113175.0,NA
fft,ARM_CORTEX_A15,97,113025.6,NA
fft,ARM_CORTEX_A15,98,113025.6,NA
fft,ARM_CORTEX_A15,99,112949.99999999999,NA
fft,ARM_CORTEX_A15,100,112949.99999999999,NA
wind,ARM_CORTEX_A15,1,4199.4,NA
wind,ARM_CORTEX_A15,2,4275.0,NA
wind,ARM_CORTEX_A15,3,4275.0,NA
wind,ARM_CORTEX_A15,4,4350.599999999999,NA
wind,ARM_CORTEX_A15,5,4424.4,NA
wind,ARM_CORTEX_A15,6,4424.4,NA
wind,ARM_CORTEX_A15,7,4426.2,NA
wind,ARM_CORTEX_A15,8,4500.0,NA
wind,ARM_CORTEX_A15,9,4500.0,NA
wind,ARM_CORTEX_A15,10,4573.8,NA
wind,ARM_CORTEX_A15,11,4575.6,NA
wind,ARM_CORTEX_A15,12,4575.6,NA
wind,ARM_CORTEX_A15,13,4649.400000000001,NA
wind,ARM_CORTEX_A15,14,4649.400000000001,NA
wind,ARM_CORTEX_A15,15,4725.0,NA
wind,ARM_CORTEX_A15,16,4725.0,NA
wind,ARM_CORTEX_A15,17,4725.0,NA
wind,ARM_CORTEX_A15,18,4798.8,NA
wind,ARM_CORTEX_A15,19,4800.6,NA
wind,ARM_CORTEX_A15,20,4800.6,NA
wind,ARM_CORTEX_A15,21,4874.400000000001,NA
wind,ARM_CORTEX_A15,22,4876.2,NA
wind,ARM_CORTEX_A15,23,4950.0,NA
wind,ARM_CORTEX_A15,24,4950.0,NA
wind,ARM_CORTEX_A15,25,5023.8,NA
wind,ARM_CORTEX_A15,26,5025.6,NA
wind,ARM_CORTEX_A15,27,5025.6,NA
wind,ARM_CORTEX_A15,28,5099.4,NA
wind,ARM_CORTEX_A15,29,5099.4,NA
wind,ARM_CORTEX_A15,30,5101.2,NA
wind,ARM_CORTEX_A15,31,5175.0,NA
wind,ARM_CORTEX_A15,32,5175.0,NA
wind,ARM_CORTEX_A15,33,5248.8,NA
wind,ARM_CORTEX_A15,34,5250.6,NA
wind,ARM_CORTEX_A15,35,5324.4,NA
wind,ARM_CORTEX_A15,36,5324.4,NA
wind,ARM_CORTEX_A15,37,5326.2,NA
wind,ARM_CORTEX_A15,38,5400.0,NA
wind,ARM_CORTEX_A15,39,5400.0,NA
wind,ARM_CORTEX_A15,40,5400.0,NA
wind,ARM_CORTEX_A15,41,5473.8,NA
wind,ARM_CORTEX_A15,42,5475.599999999999,NA
wind,ARM_CORTEX_A15,43,5549.4,NA
wind,ARM_CORTEX_A15,44,5549.4,NA
wind,ARM_CORTEX_A15,45,5551.2,NA
wind,ARM_CORTEX_A15,46,5625.0,NA
wind,ARM_CORTEX_A15,47,5625.0,NA
wind,ARM_CORTEX_A15,48,5698.799999999999,NA
wind,ARM_CORTEX_A15,49,5700.599999999999,NA
wind,ARM_CORTEX_A15,50,5700.599999999999,NA
wind,ARM_CORTEX_A15,51,5774.4,NA
wind,ARM_CORTEX_A15,52,5774.4,NA
wind,ARM_CORTEX_A15,53,5850.0,NA
wind,ARM_CORTEX_A15,54,5850.0,NA
wind,ARM_CORTEX_A15,55,5850.0,NA
wind,ARM_CORTEX_A15,56,5923.8,NA
wind,ARM_CORTEX_A15,57,5925.6,NA
wind,ARM_CORTEX_A15,58,5999.400000000001,NA
wind,ARM_CORTEX_A15,59,5999.400000000001,NA
wind,ARM_CORTEX_A15,60,6001.200000000001,NA
wind,ARM_CORTEX_A15,61,6075.0,NA
wind,ARM_CORTEX_A15,62,6075.0,NA
wind,ARM_CORTEX_A15,63,6075.0,NA
wind,ARM_CORTEX_A15,64,6150.6,NA
wind,ARM_CORTEX_A15,65,6150.6,NA
wind,ARM_CORTEX_A15,66,6224.400000000001,NA
wind,ARM_CORTEX_A15,67,6224.400000000001,NA
wind,ARM_CORTEX_A15,68,6226.2,NA
wind,ARM_CORTEX_A15,69,6300.0,NA
wind,ARM_CORTEX_A15,70,6300.0,NA
wind,ARM_CORTEX_A15,71,6373.8,NA
wind,ARM_CORTEX_A15,72,6375.6,NA
wind,ARM_CORTEX_A15,73,6449.4,NA
wind,ARM_CORTEX_A15,74,6449.4,NA
wind,ARM_CORTEX_A15,75,6449.4,NA
wind,ARM_CORTEX_A15,76,6525.0,NA
wind,ARM_CORTEX_A15,77,6525.0,NA
wind,ARM_CORTEX_A15,78,6525.0,NA
wind,ARM_CORTEX_A15,79,6600.599999999999,NA
wind,ARM_CORTEX_A15,80,6600.599999999999,NA
wind,ARM_CORTEX_A15,81,6674.4,NA
wind,ARM_CORTEX_A15,82,6674.4,NA
wind,ARM_CORTEX_A15,83,6676.2,NA
wind,ARM_CORTEX_A15,84,6750.0,NA
wind,ARM_CORTEX_A15,85,6750.0,NA
wind,ARM_CORTEX_A15,86,6823.8,NA
wind,ARM_CORTEX_A15,87,6825.599999999999,NA
wind,ARM_CORTEX_A15,88,6825.599999999999,NA
wind,ARM_CORTEX_A15,89,6899.400000000001,NA
wind,ARM_CORTEX_A15,90,6901.2,NA
wind,ARM_CORTEX_A15,91,6901.2,NA
wind,ARM_CORTEX_A15,92,6975.0,NA
wind,ARM_CORTEX_A15,93,6975.0,NA
wind,ARM_CORTEX_A15,94,7048.8,NA
wind,ARM_CORTEX_A15,95,7050.599999999999,NA
wind,ARM_CORTEX_A15,96,7124.400000000001,NA
wind,ARM_CORTEX_A15,97,7124.400000000001,NA
wind,ARM_CORTEX_A15,98,7126.2,NA
wind,ARM_CORTEX_A15,99,7200.0,NA
wind,ARM_CORTEX_A15,100,7200.0,NA
comb,ARM_CORTEX_A15,1,10049.4,NA
comb,ARM_CORTEX_A15,2,15598.8,NA
comb,ARM_CORTEX_A15,3,21076.199999999997,NA
comb,ARM_CORTEX_A15,4,26623.8,NA
comb,ARM_CORTEX_A15,5,32101.199999999997,NA
comb,ARM_CORTEX_A15,6,37650.6,NA
comb,ARM_CORTEX_A15,7,43200.0,NA
comb,ARM_CORTEX_A15,8,48751.2,NA
comb,ARM_CORTEX_A15,9,54225.0,NA
comb,ARM_CORTEX_A15,10,59776.2,NA
comb,ARM_CORTEX_A15,11,65325.6,NA
comb,ARM_CORTEX_A15,12,70875.0,NA
comb,ARM_CORTEX_A15,13,76350.59999999999,NA
comb,ARM_CORTEX_A15,14,81900.0,NA
comb,ARM_CORTEX_A15,15,87451.2,NA
comb,ARM_CORTEX_A15,16,92998.8,NA
comb,ARM_CORTEX_A15,17,98550.0,NA
comb,ARM_CORTEX_A15,18,104099.4,NA
comb,ARM_CORTEX_A15,19,109650.6,NA
comb,ARM_CORTEX_A15,20,115200.0,NA
comb,ARM_CORTEX_A15,21,120675.6,NA
comb,ARM_CORTEX_A15,22,126225.0,NA
comb,ARM_CORTEX_A15,23,131774.4,NA
comb,ARM_CORTEX_A15,24,137399.4,NA
comb,ARM_CORTEX_A15,25,143026.2,NA
comb,ARM_CORTEX_A15,26,148651.19999999998,NA
comb,ARM_CORTEX_A15,27,154161.90000000002,NA
comb,ARM_CORTEX_A15,28,159674.40000000002,NA
comb,ARM_CORTEX_A15,29,165150.0,NA
comb,ARM_CORTEX_A15,30,170699.40000000002,NA
comb,ARM_CORTEX_A15,31,176248.80000000002,NA
comb,ARM_CORTEX_A15,32,181875.6,NA
comb,ARM_CORTEX_A15,33,187275.6,NA
comb,ARM_CORTEX_A15,34,192974.4,NA
comb,ARM_CORTEX_A15,35,198450.0,NA
comb,ARM_CORTEX_A15,36,204148.8,NA
comb,ARM_CORTEX_A15,37,209626.2,NA
comb,ARM_CORTEX_A15,38,214987.5,NA
comb,ARM_CORTEX_A15,39,220725.00000000003,NA
comb,ARM_CORTEX_A15,40,226200.59999999998,NA
comb,ARM_CORTEX_A15,41,231899.4,NA
comb,ARM_CORTEX_A15,42,237600.00000000003,NA
comb,ARM_CORTEX_A15,43,243149.40000000002,NA
comb,ARM_CORTEX_A15,44,248475.6,NA
comb,ARM_CORTEX_A15,45,254325.6,NA
comb,ARM_CORTEX_A15,46,260026.19999999998,NA
comb,ARM_CORTEX_A15,47,265725.0,NA
comb,ARM_CORTEX_A15,48,271200.6,NA
comb,ARM_CORTEX_A15,49,276600.6,NA
comb,ARM_CORTEX_A15,50,282450.6,NA
comb,ARM_CORTEX_A15,51,288151.2,NA
comb,ARM_CORTEX_A15,52,293774.4,NA
comb,ARM_CORTEX_A15,53,299325.60000000003,NA
comb,ARM_CORTEX_A15,54,304875.0,NA
comb,ARM_CORTEX_A15,55,310426.2,NA
comb,ARM_CORTEX_A15,56,315975.6,NA
comb,ARM_CORTEX_A15,57,321598.8,NA
comb,ARM_CORTEX_A15,58,327225.60000000003,NA
comb,ARM_CORTEX_A15,59,332924.39999999997,NA
comb,ARM_CORTEX_A15,60,338475.6,NA
comb,ARM_CORTEX_A15,61,344100.60000000003,NA
comb,ARM_CORTEX_A15,62,349500.6,NA
comb,ARM_CORTEX_A15,63,355199.4,NA
comb,ARM_CORTEX_A15,64,360900.0,NA
comb,ARM_CORTEX_A15,65,366373.8,NA
comb,ARM_CORTEX_A15,66,371849.4,NA
comb,ARM_CORTEX_A15,67,377474.39999999997,NA
comb,ARM_CORTEX_A15,68,382876.2,NA
comb,ARM_CORTEX_A15,69,388648.8,NA
comb,ARM_CORTEX_A15,70,394126.19999999995,NA
comb,ARM_CORTEX_A15,71,399900.6,NA
comb,ARM_CORTEX_A15,72,405450.0,NA
comb,ARM_CORTEX_A15,73,411075.0,NA
comb,ARM_CORTEX_A15,74,416624.4,NA
comb,ARM_CORTEX_A15,75,422100.0,NA
comb,ARM_CORTEX_A15,76,427651.2,NA
comb,ARM_CORTEX_A15,77,433125.0,NA
comb,ARM_CORTEX_A15,78,438899.39999999997,NA
comb,ARM_CORTEX_A15,79,444450.6,NA
comb,ARM_CORTEX_A15,80,449926.2,NA
comb,ARM_CORTEX_A15,81,455474.70000000007,NA
comb,ARM_CORTEX_A15,82,461100.60000000003,NA
comb,ARM_CORTEX_A15,83,466725.6,NA
comb,ARM_CORTEX_A15,84,472348.80000000005,NA
comb,ARM_CORTEX_A15,85,477936.9,NA
comb,ARM_CORTEX_A15,86,483600.6,NA
comb,ARM_CORTEX_A15,87,489150.00000000006,NA
comb,ARM_CORTEX_A15,88,494775.0,NA
comb,ARM_CORTEX_A15,89,500324.4,NA
comb,ARM_CORTEX_A15,90,506025.00000000006,NA
comb,ARM_CORTEX_A15,91,511574.39999999997,NA
comb,ARM_CORTEX_A15,92,517274.99999999994,NA
comb,ARM_CORTEX_A15,93,522675.0,NA
comb,ARM_CORTEX_A15,94,528224.4,NA
comb,ARM_CORTEX_A15,95,533849.4,NA
comb,ARM_CORTEX_A15,96,539474.4,NA
comb,ARM_CORTEX_A15,97,544874.4,NA
comb,ARM_CORTEX_A15,98,550724.4,NA
comb,ARM_CORTEX_A15,99,555901.2000000001,NA
comb,ARM_CORTEX_A15,100,561524.4,NA
ant,ARM_CORTEX_A15,1,5175.0,NA
ant,ARM_CORTEX_A15,2,6224.400000000001,NA
ant,ARM_CORTEX_A15,3,7200.0,NA
ant,ARM_CORTEX_A15,4,8175.599999999999,NA
ant,ARM_CORTEX_A15,5,9225.0,NA
ant,ARM_CORTEX_A15,6,10200.6,NA
ant,ARM_CORTEX_A15,7,11176.2,NA
ant,ARM_CORTEX_A15,8,12223.8,NA
ant,ARM_CORTEX_A15,9,13201.199999999999,NA
ant,ARM_CORTEX_A15,10,14248.800000000001,NA
ant,ARM_CORTEX_A15,11,15300.0,NA
ant,ARM_CORTEX_A15,12,16349.399999999998,NA
ant,ARM_CORTEX_A15,13,17398.8,NA
ant,ARM_CORTEX_A15,14,18300.6,NA
ant,ARM_CORTEX_A15,15,19350.0,NA
ant,ARM_CORTEX_A15,16,20325.6,NA
ant,ARM_CORTEX_A15,17,21375.0,NA
ant,ARM_CORTEX_A15,18,22350.6,NA
ant,ARM_CORTEX_A15,19,23473.8,NA
ant,ARM_CORTEX_A15,20,24449.4,NA
ant,ARM_CORTEX_A15,21,25500.6,NA
ant,ARM_CORTEX_A15,22,26476.199999999997,NA
ant,ARM_CORTEX_A15,23,27525.6,NA
ant,ARM_CORTEX_A15,24,28501.2,NA
ant,ARM_CORTEX_A15,25,29624.4,NA
ant,ARM_CORTEX_A15,26,30600.0,NA
ant,ARM_CORTEX_A15,27,31651.2,NA
ant,ARM_CORTEX_A15,28,32625.0,NA
ant,ARM_CORTEX_A15,29,33750.0,NA
ant,ARM_CORTEX_A15,30,34723.799999999996,NA
ant,ARM_CORTEX_A15,31,35775.0,NA
ant,ARM_CORTEX_A15,32,36750.6,NA
ant,ARM_CORTEX_A15,33,37875.6,NA
ant,ARM_CORTEX_A15,34,38849.4,NA
ant,ARM_CORTEX_A15,35,39974.4,NA
ant,ARM_CORTEX_A15,36,40876.2,NA
ant,ARM_CORTEX_A15,37,41999.399999999994,NA
ant,ARM_CORTEX_A15,38,43050.600000000006,NA
ant,ARM_CORTEX_A15,39,44100.0,NA
ant,ARM_CORTEX_A15,40,45000.0,NA
ant,ARM_CORTEX_A15,41,46200.6,NA
ant,ARM_CORTEX_A15,42,47100.6,NA
ant,ARM_CORTEX_A15,43,48299.399999999994,NA
ant,ARM_CORTEX_A15,44,49201.2,NA
ant,ARM_CORTEX_A15,45,50324.4,NA
ant,ARM_CORTEX_A15,46,51224.4,NA
ant,ARM_CORTEX_A15,47,52425.0,NA
ant,ARM_CORTEX_A15,48,53325.0,NA
ant,ARM_CORTEX_A15,49,54525.6,NA
ant,ARM_CORTEX_A15,50,55423.799999999996,NA
ant,ARM_CORTEX_A15,51,56624.4,NA
ant,ARM_CORTEX_A15,52,57524.4,NA
ant,ARM_CORTEX_A15,53,58650.299999999996,NA
ant,ARM_CORTEX_A15,54,59698.8,NA
ant,ARM_CORTEX_A15,55,60750.0,NA
ant,ARM_CORTEX_A15,56,61725.600000000006,NA
ant,ARM_CORTEX_A15,57,62924.4,NA
ant,ARM_CORTEX_A15,58,63973.799999999996,NA
ant,ARM_CORTEX_A15,59,65100.6,NA
ant,ARM_CORTEX_A15,60,66074.40000000001,NA
ant,ARM_CORTEX_A15,61,67125.6,NA
ant,ARM_CORTEX_A15,62,68025.6,NA
ant,ARM_CORTEX_A15,63,69150.6,NA
ant,ARM_CORTEX_A15,64,70275.6,NA
ant,ARM_CORTEX_A15,65,71325.0,NA
ant,ARM_CORTEX_A15,66,72374.4,NA
ant,ARM_CORTEX_A15,67,73648.8,NA
ant,ARM_CORTEX_A15,68,74401.2,NA
ant,ARM_CORTEX_A15,69,75675.6,NA
ant,ARM_CORTEX_A15,70,76573.8,NA
ant,ARM_CORTEX_A15,71,77850.0,NA
ant,ARM_CORTEX_A15,72,78525.0,NA
ant,ARM_CORTEX_A15,73,79950.59999999999,NA
ant,ARM_CORTEX_A15,74,80775.0,NA
ant,ARM_CORTEX_A15,75,81826.2,NA
ant,ARM_CORTEX_A15,76,82800.0,NA
ant,ARM_CORTEX_A15,77,84076.20000000001,NA
ant,ARM_CORTEX_A15,78,85125.6,NA
ant,ARM_CORTEX_A15,79,86400.0,NA
ant,ARM_CORTEX_A15,80,87226.2,NA
ant,ARM_CORTEX_A15,81,88350.3,NA
ant,ARM_CORTEX_A15,82,89437.5,NA
ant,ARM_CORTEX_A15,83,90525.59999999999,NA
ant,ARM_CORTEX_A15,84,91575.0,NA
ant,ARM_CORTEX_A15,85,92851.2,NA
ant,ARM_CORTEX_A15,86,93375.0,NA
ant,ARM_CORTEX_A15,87,94874.4,NA
ant,ARM_CORTEX_A15,88,96001.2,NA
ant,ARM_CORTEX_A15,89,97351.2,NA
ant,ARM_CORTEX_A15,90,98325.0,NA
ant,ARM_CORTEX_A15,91,99601.20000000001,NA
ant,ARM_CORTEX_A15,92,100425.59999999999,NA
ant,ARM_CORTEX_A15,93,101775.6,NA
ant,ARM_CORTEX_A15,94,102338.1,NA
ant,ARM_CORTEX_A15,95,103426.2,NA
ant,ARM_CORTEX_A15,96,104175.0,NA
ant,ARM_CORTEX_A15,97,105449.4,NA
ant,ARM_CORTEX_A15,98,105975.0,NA
ant,ARM_CORTEX_A15,99,107026.2,NA
ant,ARM_CORTEX_A15,100,107625.6,NA
demap,ARM_CORTEX_A15,1,4348.799999999999,1
demap,ARM_CORTEX_A15,2,4350.599999999999,1
demap,ARM_CORTEX_A15,3,4424.4,1
demap,ARM_CORTEX_A15,4,4573.8,1
demap,ARM_CORTEX_A15,5,4575.6,1
demap,ARM_CORTEX_A15,6,4649.400000000001,1
demap,ARM_CORTEX_A15,7,4725.0,1
demap,ARM_CORTEX_A15,8,4798.8,1
demap,ARM_CORTEX_A15,9,4874.400000000001,1
demap,ARM_CORTEX_A15,10,4950.0,1
demap,ARM_CORTEX_A15,11,5025.6,1
demap,ARM_CORTEX_A15,12,5101.2,1
demap,ARM_CORTEX_A15,13,5175.0,1
demap,ARM_CORTEX_A15,14,5250.6,1
demap,ARM_CORTEX_A15,15,5326.2,1
demap,ARM_CORTEX_A15,16,5400.0,1
demap,ARM_CORTEX_A15,17,5475.599999999999,1
demap,ARM_CORTEX_A15,18,5551.2,1
demap,ARM_CORTEX_A15,19,5625.0,1
demap,ARM_CORTEX_A15,20,5774.4,1
demap,ARM_CORTEX_A15,21,5776.2,1
demap,ARM_CORTEX_A15,22,5925.6,1
demap,ARM_CORTEX_A15,23,5999.400000000001,1
demap,ARM_CORTEX_A15,24,6075.0,1
demap,ARM_CORTEX_A15,25,6075.0,1
demap,ARM_CORTEX_A15,26,6150.6,1
demap,ARM_CORTEX_A15,27,6226.2,1
demap,ARM_CORTEX_A15,28,6300.0,1
demap,ARM_CORTEX_A15,29,6375.6,1
demap,ARM_CORTEX_A15,30,6525.0,1
demap,ARM_CORTEX_A15,31,6525.0,1
demap,ARM_CORTEX_A15,32,6600.599999999999,1
demap,ARM_CORTEX_A15,33,6676.2,1
demap,ARM_CORTEX_A15,34,6825.599999999999,1
demap,ARM_CORTEX_A15,35,6825.599999999999,1
demap,ARM_CORTEX_A15,36,6975.0,1
demap,ARM_CORTEX_A15,37,6975.0,1
demap,ARM_CORTEX_A15,38,7200.0,1
demap,ARM_CORTEX_A15,39,7200.0,1
demap,ARM_CORTEX_A15,40,7349.4,1
demap,ARM_CORTEX_A15,41,7425.000000000001,1
demap,ARM_CORTEX_A15,42,7500.6,1
demap,ARM_CORTEX_A15,43,7650.0,1
demap,ARM_CORTEX_A15,44,7650.0,1
demap,ARM_CORTEX_A15,45,7799.4,1
demap,ARM_CORTEX_A15,46,7950.6,1
demap,ARM_CORTEX_A15,47,8173.8,1
demap,ARM_CORTEX_A15,48,8251.199999999999,1
demap,ARM_CORTEX_A15,49,8100.0,1
demap,ARM_CORTEX_A15,50,8175.599999999999,1
demap,ARM_CORTEX_A15,51,8325.0,1
demap,ARM_CORTEX_A15,52,8625.6,1
demap,ARM_CORTEX_A15,53,8662.5,1
demap,ARM_CORTEX_A15,54,8699.4,1
demap,ARM_CORTEX_A15,55,8850.599999999999,1
demap,ARM_CORTEX_A15,56,8850.599999999999,1
demap,ARM_CORTEX_A15,57,9073.8,1
demap,ARM_CORTEX_A15,58,9149.4,1
demap,ARM_CORTEX_A15,59,9298.800000000001,1
demap,ARM_CORTEX_A15,60,9225.0,1
demap,ARM_CORTEX_A15,61,9599.4,1
demap,ARM_CORTEX_A15,62,9599.4,1
demap,ARM_CORTEX_A15,63,9601.2,1
demap,ARM_CORTEX_A15,64,9824.4,1
demap,ARM_CORTEX_A15,65,9900.0,1
demap,ARM_CORTEX_A15,66,9826.199999999999,1
demap,ARM_CORTEX_A15,67,10276.199999999999,1
demap,ARM_CORTEX_A15,68,10200.6,1
demap,ARM_CORTEX_A15,69,10200.6,1
demap,ARM_CORTEX_A15,70,10424.7,1
demap,ARM_CORTEX_A15,71,10425.6,1
demap,ARM_CORTEX_A15,72,10650.6,1
demap,ARM_CORTEX_A15,73,10875.6,1
demap,ARM_CORTEX_A15,74,10800.0,1
demap,ARM_CORTEX_A15,75,11174.4,1
demap,ARM_CORTEX_A15,76,11286.900000000001,1
demap,ARM_CORTEX_A15,77,11323.800000000001,1
demap,ARM_CORTEX_A15,78,11549.7,1
demap,ARM_CORTEX_A15,79,11774.7,1
demap,ARM_CORTEX_A15,80,11700.0,1
demap,ARM_CORTEX_A15,81,11700.0,1
demap,ARM_CORTEX_A15,82,11925.0,1
demap,ARM_CORTEX_A15,83,12526.199999999999,1
demap,ARM_CORTEX_A15,84,12675.599999999999,1
demap,ARM_CORTEX_A15,85,12563.1,1
demap,ARM_CORTEX_A15,86,12600.0,1
demap,ARM_CORTEX_A15,87,12675.599999999999,1
demap,ARM_CORTEX_A15,88,12749.4,1
demap,ARM_CORTEX_A15,89,12898.8,1
demap,ARM_CORTEX_A15,90,12974.4,1
demap,ARM_CORTEX_A15,91,13348.8,1
demap,ARM_CORTEX_A15,92,13798.800000000001,1
demap,ARM_CORTEX_A15,93,13500.0,1
demap,ARM_CORTEX_A15,94,13650.300000000001,1
demap,ARM_CORTEX_A15,95,13500.0,1
demap,ARM_CORTEX_A15,96,13462.199999999999,1
demap,ARM_CORTEX_A15,97,14025.599999999999,1
demap,ARM_CORTEX_A15,98,13874.4,1
demap,ARM_CORTEX_A15,99,14175.0,1
demap,ARM_CORTEX_A15,100,14099.4,1
demap,ARM_CORTEX_A15,1,4800.6,2
demap,ARM_CORTEX_A15,2,5473.8,2
demap,ARM_CORTEX_A15,3,6075.0,2
demap,ARM_CORTEX_A15,4,6899.400000000001,2
demap,ARM_CORTEX_A15,5,7349.4,2
demap,ARM_CORTEX_A15,6,7950.6,2
demap,ARM_CORTEX_A15,7,8625.6,2
demap,ARM_CORTEX_A15,8,9225.0,2
demap,ARM_CORTEX_A15,9,9900.0,2
demap,ARM_CORTEX_A15,10,10501.2,2
demap,ARM_CORTEX_A15,11,11176.2,2
demap,ARM_CORTEX_A15,12,11849.400000000001,2
demap,ARM_CORTEX_A15,13,12450.6,2
demap,ARM_CORTEX_A15,14,13050.0,2
demap,ARM_CORTEX_A15,15,13725.0,2
demap,ARM_CORTEX_A15,16,14326.199999999999,2
demap,ARM_CORTEX_A15,17,14999.4,2
demap,ARM_CORTEX_A15,18,15674.400000000001,2
demap,ARM_CORTEX_A15,19,16275.600000000002,2
demap,ARM_CORTEX_A15,20,16875.0,2
demap,ARM_CORTEX_A15,21,17550.0,2
demap,ARM_CORTEX_A15,22,18151.2,2
demap,ARM_CORTEX_A15,23,18826.199999999997,2
demap,ARM_CORTEX_A15,24,19499.399999999998,2
demap,ARM_CORTEX_A15,25,20100.6,2
demap,ARM_CORTEX_A15,26,20700.0,2
demap,ARM_CORTEX_A15,27,21375.0,2
demap,ARM_CORTEX_A15,28,21976.2,2
demap,ARM_CORTEX_A15,29,22649.399999999998,2
demap,ARM_CORTEX_A15,30,23250.6,2
demap,ARM_CORTEX_A15,31,23924.7,2
demap,ARM_CORTEX_A15,32,24525.0,2
demap,ARM_CORTEX_A15,33,25200.0,2
demap,ARM_CORTEX_A15,34,25799.4,2
demap,ARM_CORTEX_A15,35,26474.4,2
demap,ARM_CORTEX_A15,36,27075.6,2
demap,ARM_CORTEX_A15,37,27750.600000000002,2
demap,ARM_CORTEX_A15,38,28350.0,2
demap,ARM_CORTEX_A15,39,29024.999999999996,2
demap,ARM_CORTEX_A15,40,29626.2,2
demap,ARM_CORTEX_A15,41,30299.399999999998,2
demap,ARM_CORTEX_A15,42,30974.399999999998,2
demap,ARM_CORTEX_A15,43,31649.4,2
demap,ARM_CORTEX_A15,44,32324.4,2
demap,ARM_CORTEX_A15,45,32850.0,2
demap,ARM_CORTEX_A15,46,33598.8,2
demap,ARM_CORTEX_A15,47,34275.600000000006,2
demap,ARM_CORTEX_A15,48,34725.6,2
demap,ARM_CORTEX_A15,49,35474.399999999994,2
demap,ARM_CORTEX_A15,50,36112.5,2
demap,ARM_CORTEX_A15,51,36824.4,2
demap,ARM_CORTEX_A15,52,37499.399999999994,2
demap,ARM_CORTEX_A15,53,38176.2,2
demap,ARM_CORTEX_A15,54,38849.4,2
demap,ARM_CORTEX_A15,55,39600.0,2
demap,ARM_CORTEX_A15,56,40125.6,2
demap,ARM_CORTEX_A15,57,40950.0,2
demap,ARM_CORTEX_A15,58,41475.6,2
demap,ARM_CORTEX_A15,59,42075.0,2
demap,ARM_CORTEX_A15,60,42750.0,2
demap,ARM_CORTEX_A15,61,43500.6,2
demap,ARM_CORTEX_A15,62,44174.7,2
demap,ARM_CORTEX_A15,63,44850.6,2
demap,ARM_CORTEX_A15,64,45525.6,2
demap,ARM_CORTEX_A15,65,46274.399999999994,2
demap,ARM_CORTEX_A15,66,46800.0,2
demap,ARM_CORTEX_A15,67,47475.0,2
demap,ARM_CORTEX_A15,68,48224.7,2
demap,ARM_CORTEX_A15,69,48636.9,2
demap,ARM_CORTEX_A15,70,49500.0,2
demap,ARM_CORTEX_A15,71,50324.4,2
demap,ARM_CORTEX_A15,72,50774.4,2
demap,ARM_CORTEX_A15,73,51449.4,2
demap,ARM_CORTEX_A15,74,52050.6,2
demap,ARM_CORTEX_A15,75,52650.0,2
demap,ARM_CORTEX_A15,76,53325.0,2
demap,ARM_CORTEX_A15,77,54075.600000000006,2
demap,ARM_CORTEX_A15,78,54600.3,2
demap,ARM_CORTEX_A15,79,55501.200000000004,2
demap,ARM_CORTEX_A15,80,56176.2,2
demap,ARM_CORTEX_A15,81,56700.0,2
demap,ARM_CORTEX_A15,82,57600.0,2
demap,ARM_CORTEX_A15,83,58201.2,2
demap,ARM_CORTEX_A15,84,58651.2,2
demap,ARM_CORTEX_A15,85,59400.00000000001,2
demap,ARM_CORTEX_A15,86,60075.0,2
demap,ARM_CORTEX_A15,87,60713.100000000006,2
demap,ARM_CORTEX_A15,88,61650.0,2
demap,ARM_CORTEX_A15,89,61949.7,2
demap,ARM_CORTEX_A15,90,63074.7,2
demap,ARM_CORTEX_A15,91,63599.4,2
demap,ARM_CORTEX_A15,92,63826.200000000004,2
demap,ARM_CORTEX_A15,93,64800.0,2
demap,ARM_CORTEX_A15,94,65550.6,2
demap,ARM_CORTEX_A15,95,66150.0,2
demap,ARM_CORTEX_A15,96,67086.90000000001,2
demap,ARM_CORTEX_A15,97,68024.7,2
demap,ARM_CORTEX_A15,98,68774.4,2
demap,ARM_CORTEX_A15,99,69075.0,2
demap,ARM_CORTEX_A15,100,69525.0,2
demap,ARM_CORTEX_A15,1,6375.6,4
demap,ARM_CORTEX_A15,2,8476.2,4
demap,ARM_CORTEX_A15,3,10648.8,4
demap,ARM_CORTEX_A15,4,12898.8,4
demap,ARM_CORTEX_A15,5,14925.599999999999,4
demap,ARM_CORTEX_A15,6,17100.0,4
demap,ARM_CORTEX_A15,7,19274.4,4
demap,ARM_CORTEX_A15,8,21448.800000000003,4
demap,ARM_CORTEX_A15,9,23551.2,4
demap,ARM_CORTEX_A15,10,25725.6,4
demap,ARM_CORTEX_A15,11,39673.8,4
demap,ARM_CORTEX_A15,12,42075.0,4
demap,ARM_CORTEX_A15,13,44400.6,4
demap,ARM_CORTEX_A15,14,46499.4,4
demap,ARM_CORTEX_A15,15,37011.6,4
demap,ARM_CORTEX_A15,16,38925.0,4
demap,ARM_CORTEX_A15,17,40800.600000000006,4
demap,ARM_CORTEX_A15,18,42975.0,4
demap,ARM_CORTEX_A15,19,45151.2,4
demap,ARM_CORTEX_A15,20,47475.0,4
demap,ARM_CORTEX_A15,21,49500.0,4
demap,ARM_CORTEX_A15,22,51675.3,4
demap,ARM_CORTEX_A15,23,53924.4,4
demap,ARM_CORTEX_A15,24,55875.6,4
demap,ARM_CORTEX_A15,25,58049.99999999999,4
demap,ARM_CORTEX_A15,26,60300.0,4
demap,ARM_CORTEX_A15,27,62398.8,4
demap,ARM_CORTEX_A15,28,64574.99999999999,4
demap,ARM_CORTEX_A15,29,66675.6,4
demap,ARM_CORTEX_A15,30,68776.2,4
demap,ARM_CORTEX_A15,31,71026.20000000001,4
demap,ARM_CORTEX_A15,32,73199.7,4
demap,ARM_CORTEX_A15,33,75301.2,4
demap,ARM_CORTEX_A15,34,77588.1,4
demap,ARM_CORTEX_A15,35,79724.7,4
demap,ARM_CORTEX_A15,36,81748.8,4
demap,ARM_CORTEX_A15,37,83812.5,4
demap,ARM_CORTEX_A15,38,85950.0,4
demap,ARM_CORTEX_A15,39,88275.6,4
demap,ARM_CORTEX_A15,40,90450.0,4
demap,ARM_CORTEX_A15,41,92550.59999999999,4
demap,ARM_CORTEX_A15,42,94649.40000000001,4
demap,ARM_CORTEX_A15,43,96824.7,4
demap,ARM_CORTEX_A15,44,98926.2,4
demap,ARM_CORTEX_A15,45,101213.1,4
demap,ARM_CORTEX_A15,46,103125.6,4
demap,ARM_CORTEX_A15,47,105525.0,4
demap,ARM_CORTEX_A15,48,107550.0,4
demap,ARM_CORTEX_A15,49,109650.6,4
demap,ARM_CORTEX_A15,50,111900.6,4
demap,ARM_CORTEX_A15,51,113923.8,4
demap,ARM_CORTEX_A15,52,116099.99999999999,4
demap,ARM_CORTEX_A15,53,118200.6,4
demap,ARM_CORTEX_A15,54,120301.20000000001,4
demap,ARM_CORTEX_A15,55,122549.40000000001,4
demap,ARM_CORTEX_A15,56,124801.2,4
demap,ARM_CORTEX_A15,57,126750.6,4
demap,ARM_CORTEX_A15,58,129000.6,4
demap,ARM_CORTEX_A15,59,131025.6,4
demap,ARM_CORTEX_A15,60,133200.0,4
demap,ARM_CORTEX_A15,61,135450.0,4
demap,ARM_CORTEX_A15,62,137624.40000000002,4
demap,ARM_CORTEX_A15,63,139725.0,4
demap,ARM_CORTEX_A15,64,141899.4,4
demap,ARM_CORTEX_A15,65,144075.6,4
demap,ARM_CORTEX_A15,66,146250.0,4
demap,ARM_CORTEX_A15,67,148275.0,4
demap,ARM_CORTEX_A15,68,150375.59999999998,4
demap,ARM_CORTEX_A15,69,152550.0,4
demap,ARM_CORTEX_A15,70,154726.19999999998,4
demap,ARM_CORTEX_A15,71,156974.4,4
demap,ARM_CORTEX_A15,72,159150.6,4
demap,ARM_CORTEX_A15,73,161398.80000000002,4
demap,ARM_CORTEX_A15,74,163313.1,4
demap,ARM_CORTEX_A15,75,165524.4,4
demap,ARM_CORTEX_A15,76,167698.8,4
demap,ARM_CORTEX_A15,77,169725.6,4
demap,ARM_CORTEX_A15,78,172049.4,4
demap,ARM_CORTEX_A15,79,174150.0,4
demap,ARM_CORTEX_A15,80,176326.2,4
demap,ARM_CORTEX_A15,81,178574.4,4
demap,ARM_CORTEX_A15,82,180599.4,4
demap,ARM_CORTEX_A15,83,182626.2,4
demap,ARM_CORTEX_A15,84,184874.40000000002,4
demap,ARM_CORTEX_A15,85,186975.0,4
demap,ARM_CORTEX_A15,86,189225.0,4
demap,ARM_CORTEX_A15,87,191399.4,4
demap,ARM_CORTEX_A15,88,193575.59999999998,4
demap,ARM_CORTEX_A15,89,195899.40000000002,4
demap,ARM_CORTEX_A15,90,198000.0,4
demap,ARM_CORTEX_A15,91,199949.4,4
demap,ARM_CORTEX_A15,92,202123.8,4
demap,ARM_CORTEX_A15,93,204187.5,4
demap,ARM_CORTEX_A15,94,206550.0,4
demap,ARM_CORTEX_A15,95,208648.80000000002,4
demap,ARM_CORTEX_A15,96,210974.40000000002,4
demap,ARM_CORTEX_A15,97,213150.6,4
demap,ARM_CORTEX_A15,98,215175.6,4
demap,ARM_CORTEX_A15,99,217350.0,4
demap,ARM_CORTEX_A15,100,219524.4,4
demap,ARM_CORTEX_A15,1,7349.4,6
demap,ARM_CORTEX_A15,2,10499.4,6
demap,ARM_CORTEX_A15,3,13649.4,6
demap,ARM_CORTEX_A15,4,16799.4,6
demap,ARM_CORTEX_A15,5,19949.4,6
demap,ARM_CORTEX_A15,6,23101.2,6
demap,ARM_CORTEX_A15,7,26325.0,6
demap,ARM_CORTEX_A15,8,29550.6,6
demap,ARM_CORTEX_A15,9,32999.4,6
demap,ARM_CORTEX_A15,10,48074.4,6
demap,ARM_CORTEX_A15,11,51148.8,6
demap,ARM_CORTEX_A15,12,54337.5,6
demap,ARM_CORTEX_A15,13,57524.4,6
demap,ARM_CORTEX_A15,14,60713.100000000006,6
demap,ARM_CORTEX_A15,15,52613.1,6
demap,ARM_CORTEX_A15,16,54826.200000000004,6
demap,ARM_CORTEX_A15,17,57900.6,6
demap,ARM_CORTEX_A15,18,61124.4,6
demap,ARM_CORTEX_A15,19,64350.0,6
demap,ARM_CORTEX_A15,20,67725.0,6
demap,ARM_CORTEX_A15,21,70800.3,6
demap,ARM_CORTEX_A15,22,75337.20000000001,6
demap,ARM_CORTEX_A15,23,77661.90000000001,6
demap,ARM_CORTEX_A15,24,79950.59999999999,6
demap,ARM_CORTEX_A15,25,83213.1,6
demap,ARM_CORTEX_A15,26,86326.2,6
demap,ARM_CORTEX_A15,27,89476.2,6
demap,ARM_CORTEX_A15,28,92626.20000000001,6
demap,ARM_CORTEX_A15,29,95774.40000000001,6
demap,ARM_CORTEX_A15,30,99000.0,6
demap,ARM_CORTEX_A15,31,102186.90000000001,6
demap,ARM_CORTEX_A15,32,105226.2,6
demap,ARM_CORTEX_A15,33,108450.0,6
demap,ARM_CORTEX_A15,34,111600.0,6
demap,ARM_CORTEX_A15,35,114675.3,6
demap,ARM_CORTEX_A15,36,117900.00000000001,6
demap,ARM_CORTEX_A15,37,120976.2,6
demap,ARM_CORTEX_A15,38,124200.0,6
demap,ARM_CORTEX_A15,39,127276.20000000001,6
demap,ARM_CORTEX_A15,40,130575.59999999999,6
demap,ARM_CORTEX_A15,41,133500.6,6
demap,ARM_CORTEX_A15,42,136724.4,6
demap,ARM_CORTEX_A15,43,139874.4,6
demap,ARM_CORTEX_A15,44,143100.0,6
demap,ARM_CORTEX_A15,45,146325.59999999998,6
demap,ARM_CORTEX_A15,46,149400.0,6
demap,ARM_CORTEX_A15,47,152513.1,6
demap,ARM_CORTEX_A15,48,155700.0,6
demap,ARM_CORTEX_A15,49,158850.0,6
demap,ARM_CORTEX_A15,50,162000.0,6
demap,ARM_CORTEX_A15,51,165225.6,6
demap,ARM_CORTEX_A15,52,168300.0,6
demap,ARM_CORTEX_A15,53,171450.0,6
demap,ARM_CORTEX_A15,54,174600.0,6
demap,ARM_CORTEX_A15,55,177750.0,6
demap,ARM_CORTEX_A15,56,180973.8,6
demap,ARM_CORTEX_A15,57,184123.8,6
demap,ARM_CORTEX_A15,58,187275.6,6
demap,ARM_CORTEX_A15,59,190425.6,6
demap,ARM_CORTEX_A15,60,193574.7,6
demap,ARM_CORTEX_A15,61,196723.8,6
demap,ARM_CORTEX_A15,62,199949.4,6
demap,ARM_CORTEX_A15,63,202950.0,6
demap,ARM_CORTEX_A15,64,206212.5,6
demap,ARM_CORTEX_A15,65,209400.3,6
demap,ARM_CORTEX_A15,66,212475.6,6
demap,ARM_CORTEX_A15,67,215625.59999999998,6
demap,ARM_CORTEX_A15,68,218775.6,6
demap,ARM_CORTEX_A15,69,222001.2,6
demap,ARM_CORTEX_A15,70,225149.40000000002,6
demap,ARM_CORTEX_A15,71,228262.5,6
demap,ARM_CORTEX_A15,72,231375.59999999998,6
demap,ARM_CORTEX_A15,73,234599.4,6
demap,ARM_CORTEX_A15,74,237749.4,6
demap,ARM_CORTEX_A15,75,240899.4,6
demap,ARM_CORTEX_A15,76,244088.1,6
demap,ARM_CORTEX_A15,77,247274.99999999997,6
demap,ARM_CORTEX_A15,78,250425.0,6
demap,ARM_CORTEX_A15,79,253501.2,6
demap,ARM_CORTEX_A15,80,256725.00000000003,6
demap,ARM_CORTEX_A15,81,259875.0,6
demap,ARM_CORTEX_A15,82,262951.2,6
demap,ARM_CORTEX_A15,83,266248.8,6
demap,ARM_CORTEX_A15,84,269325.0,6
demap,ARM_CORTEX_A15,85,272548.8,6
demap,ARM_CORTEX_A15,86,275625.0,6
demap,ARM_CORTEX_A15,87,278775.0,6
demap,ARM_CORTEX_A15,88,281925.0,6
demap,ARM_CORTEX_A15,89,285075.0,6
demap,ARM_CORTEX_A15,90,288225.0,6
demap,ARM_CORTEX_A15,91,291448.80000000005,6
demap,ARM_CORTEX_A15,92,294525.0,6
demap,ARM_CORTEX_A15,93,297750.60000000003,6
demap,ARM_CORTEX_A15,94,300974.39999999997,6
demap,ARM_CORTEX_A15,95,303975.0,6
demap,ARM_CORTEX_A15,96,307425.6,6
demap,ARM_CORTEX_A15,97,310500.0,6
demap,ARM_CORTEX_A15,98,313725.6,6
demap,ARM_CORTEX_A15,99,316724.4,6
demap,ARM_CORTEX_A15,100,320023.8,6
demap,ARM_CORTEX_A15,1,8325.0,8
demap,ARM_CORTEX_A15,2,12375.0,8
demap,ARM_CORTEX_A15,3,16498.8,8
demap,ARM_CORTEX_A15,4,20550.6,8
demap,ARM_CORTEX_A15,5,24600.6,8
demap,ARM_CORTEX_A15,6,28800.0,8
demap,ARM_CORTEX_A15,7,32850.0,8
demap,ARM_CORTEX_A15,8,37049.4,8
demap,ARM_CORTEX_A15,9,53100.0,8
demap,ARM_CORTEX_A15,10,57299.399999999994,8
demap,ARM_CORTEX_A15,11,61425.00000000001,8
demap,ARM_CORTEX_A15,12,65624.40000000001,8
demap,ARM_CORTEX_A15,13,69676.2,8
demap,ARM_CORTEX_A15,14,73648.8,8
demap,ARM_CORTEX_A15,15,65626.2,8
demap,ARM_CORTEX_A15,16,69676.2,8
demap,ARM_CORTEX_A15,17,73836.9,8
demap,ARM_CORTEX_A15,18,77999.4,8
demap,ARM_CORTEX_A15,19,82049.4,8
demap,ARM_CORTEX_A15,20,87075.0,8
demap,ARM_CORTEX_A15,21,90562.5,8
demap,ARM_CORTEX_A15,22,94424.4,8
demap,ARM_CORTEX_A15,23,99225.0,8
demap,ARM_CORTEX_A15,24,102675.6,8
demap,ARM_CORTEX_A15,25,106686.90000000001,8
demap,ARM_CORTEX_A15,26,110624.4,8
demap,ARM_CORTEX_A15,27,114750.00000000001,8
demap,ARM_CORTEX_A15,28,118875.6,8
demap,ARM_CORTEX_A15,29,122925.6,8
demap,ARM_CORTEX_A15,30,127198.8,8
demap,ARM_CORTEX_A15,31,131101.2,8
demap,ARM_CORTEX_A15,32,135261.9,8
demap,ARM_CORTEX_A15,33,139350.59999999998,8
demap,ARM_CORTEX_A15,34,143325.0,8
demap,ARM_CORTEX_A15,35,147450.59999999998,8
demap,ARM_CORTEX_A15,36,151498.8,8
demap,ARM_CORTEX_A15,37,155550.6,8
demap,ARM_CORTEX_A15,38,159637.5,8
demap,ARM_CORTEX_A15,39,163800.0,8
demap,ARM_CORTEX_A15,40,167850.0,8
demap,ARM_CORTEX_A15,41,171900.0,8
demap,ARM_CORTEX_A15,42,175950.0,8
demap,ARM_CORTEX_A15,43,180112.5,8
demap,ARM_CORTEX_A15,44,184199.4,8
demap,ARM_CORTEX_A15,45,188175.6,8
demap,ARM_CORTEX_A15,46,192299.4,8
demap,ARM_CORTEX_A15,47,196425.0,8
demap,ARM_CORTEX_A15,48,200548.80000000002,8
demap,ARM_CORTEX_A15,49,204600.59999999998,8
demap,ARM_CORTEX_A15,50,208650.59999999998,8
demap,ARM_CORTEX_A15,51,212774.4,8
demap,ARM_CORTEX_A15,52,216900.0,8
demap,ARM_CORTEX_A15,53,220800.6,8
demap,ARM_CORTEX_A15,54,225000.0,8
demap,ARM_CORTEX_A15,55,229199.40000000002,8
demap,ARM_CORTEX_A15,56,233251.19999999998,8
demap,ARM_CORTEX_A15,57,237225.59999999998,8
demap,ARM_CORTEX_A15,58,241425.0,8
demap,ARM_CORTEX_A15,59,245475.0,8
demap,ARM_CORTEX_A15,60,249600.6,8
demap,ARM_CORTEX_A15,61,253575.0,8
demap,ARM_CORTEX_A15,62,257774.4,8
demap,ARM_CORTEX_A15,63,261900.00000000003,8
demap,ARM_CORTEX_A15,64,265950.0,8
demap,ARM_CORTEX_A15,65,269962.2,8
demap,ARM_CORTEX_A15,66,274125.6,8
demap,ARM_CORTEX_A15,67,278249.39999999997,8
demap,ARM_CORTEX_A15,68,282150.0,8
demap,ARM_CORTEX_A15,69,286200.0,8
demap,ARM_CORTEX_A15,70,290548.8,8
demap,ARM_CORTEX_A15,71,294525.0,8
demap,ARM_CORTEX_A15,72,298724.4,8
demap,ARM_CORTEX_A15,73,302700.6,8
demap,ARM_CORTEX_A15,74,306900.0,8
demap,ARM_CORTEX_A15,75,310950.0,8
demap,ARM_CORTEX_A15,76,315075.60000000003,8
demap,ARM_CORTEX_A15,77,318974.39999999997,8
demap,ARM_CORTEX_A15,78,323173.8,8
demap,ARM_CORTEX_A15,79,327375.0,8
demap,ARM_CORTEX_A15,80,331498.80000000005,8
demap,ARM_CORTEX_A15,81,335475.0,8
demap,ARM_CORTEX_A15,82,339674.39999999997,8
demap,ARM_CORTEX_A15,83,343538.1,8
demap,ARM_CORTEX_A15,84,347774.4,8
demap,ARM_CORTEX_A15,85,351750.6,8
demap,ARM_CORTEX_A15,86,355950.0,8
demap,ARM_CORTEX_A15,87,360151.2,8
demap,ARM_CORTEX_A15,88,364050.0,8
demap,ARM_CORTEX_A15,89,368249.39999999997,8
demap,ARM_CORTEX_A15,90,372301.2,8
demap,ARM_CORTEX_A15,91,376425.0,8
demap,ARM_CORTEX_A15,92,380324.69999999995,8
demap,ARM_CORTEX_A15,93,384449.39999999997,8
demap,ARM_CORTEX_A15,94,388724.4,8
demap,ARM_CORTEX_A15,95,392850.0,8
demap,ARM_CORTEX_A15,96,396900.0,8
demap,ARM_CORTEX_A15,97,400950.0,8
demap,ARM_CORTEX_A15,98,405073.8,8
demap,ARM_CORTEX_A15,99,409050.0,8
demap,ARM_CORTEX_A15,100,413437.5,8
mf,acc_mf,1,167.5,NA
mf,acc_mf,2,165.0,NA
mf,acc_mf,3,205.0,NA
mf,acc_mf,4,205.0,NA
mf,acc_mf,5,205.0,NA
mf,acc_mf,6,205.0,NA
mf,acc_mf,7,247.5,NA
mf,acc_mf,8,242.5,NA
mf,acc_mf,9,244.99999999999997,NA
mf,acc_mf,10,285.0,NA
mf,acc_mf,11,285.0,NA
mf,acc_mf,12,285.0,NA
mf,acc_mf,13,327.5,NA
mf,acc_mf,14,327.5,NA
mf,acc_mf,15,325.0,NA
mf,acc_mf,16,365.0,NA
mf,acc_mf,17,365.0,NA
mf,acc_mf,18,365.0,NA
mf,acc_mf,19,367.5,NA
mf,acc_mf,20,405.00000000000006,NA
mf,acc_mf,21,405.00000000000006,NA
mf,acc_mf,22,405.00000000000006,NA
mf,acc_mf,23,445.0,NA
mf,acc_mf,24,445.0,NA
mf,acc_mf,25,442.5,NA
mf,acc_mf,26,485.0,NA
mf,acc_mf,27,482.50000000000006,NA
mf,acc_mf,28,482.50000000000006,NA
mf,acc_mf,29,482.50000000000006,NA
mf,acc_mf,30,527.5,NA
mf,acc_mf,31,525.0,NA
mf,acc_mf,32,525.0,NA
mf,acc_mf,33,562.5,NA
mf,acc_mf,34,565.0,NA
mf,acc_mf,35,565.0,NA
mf,acc_mf,36,605.0,NA
mf,acc_mf,37,605.0,NA
mf,acc_mf,38,607.5,NA
mf,acc_mf,39,605.0,NA
mf,acc_mf,40,645.0,NA
mf,acc_mf,41,647.5,NA
mf,acc_mf,42,645.0,NA
mf,acc_mf,43,687.5,NA
mf,acc_mf,44,685.0,NA
mf,acc_mf,45,685.0,NA
mf,acc_mf,46,725.0,NA
mf,acc_mf,47,725.0,NA
mf,acc_mf,48,722.5000000000001,NA
mf,acc_mf,49,725.0,NA
mf,acc_mf,50,765.0,NA
mf,acc_mf,51,762.5,NA
mf,acc_mf,52,767.5,NA
mf,acc_mf,53,802.5,NA
mf,acc_mf,54,802.5,NA
mf,acc_mf,55,802.5,NA
mf,acc_mf,56,845.0,NA
mf,acc_mf,57,847.5,NA
mf,acc_mf,58,845.0,NA
mf,acc_mf,59,845.0,NA
mf,acc_mf,60,885.0,NA
mf,acc_mf,61,885.0,NA
mf,acc_mf,62,885.0,NA
mf,acc_mf,63,927.5,NA
mf,acc_mf,64,925.0,NA
mf,acc_mf,65,922.5,NA
mf,acc_mf,66,965.0000000000001,NA
mf,acc_mf,67,962.5000000000001,NA
mf,acc_mf,68,965.0000000000001,NA
mf,acc_mf,69,965.0000000000001,NA
mf,acc_mf,70,1004.9999999999999,NA
mf,acc_mf,71,1004.9999999999999,NA
mf,acc_mf,72,1004.9999999999999,NA
mf,acc_mf,73,1045.0,NA
mf,acc_mf,74,1047.5000000000002,NA
mf,acc_mf,75,1042.5,NA
mf,acc_mf,76,1082.5,NA
mf,acc_mf,77,1082.5,NA
mf,acc_mf,78,1085.0,NA
mf,acc_mf,79,1122.5,NA
mf,acc_mf,80,1125.0,NA
mf,acc_mf,81,1125.0,NA
mf,acc_mf,82,1125.0,NA
mf,acc_mf,83,1165.0,NA
mf,acc_mf,84,1162.5,NA
mf,acc_mf,85,1167.5,NA
mf,acc_mf,86,1200.0,NA
mf,acc_mf,87,1202.5,NA
mf,acc_mf,88,1202.5,NA
mf,acc_mf,89,1202.5,NA
mf,acc_mf,90,1245.0000000000002,NA
mf,acc_mf,91,1245.0000000000002,NA
mf,acc_mf,92,1245.0000000000002,NA
mf,acc_mf,93,1280.0,NA
mf,acc_mf,94,1285.0,NA
mf,acc_mf,95,1280.0,NA
mf,acc_mf,96,1287.5000000000002,NA
mf,acc_mf,97,1325.0,NA
mf,acc_mf,98,1322.5,NA
mf,acc_mf,99,1325.0,NA
mf,acc_mf,100,1362.5,NA
wind,acc_wind,1,165.0,NA
wind,acc_wind,2,162.5,NA
wind,acc_wind,3,207.5,NA
wind,acc_wind,4,205.0,NA
wind,acc_wind,5,202.50000000000003,NA
wind,acc_wind,6,244.99999999999997,NA
wind,acc_wind,7,247.5,NA
wind,acc_wind,8,242.5,NA
wind,acc_wind,9,242.5,NA
wind,acc_wind,10,282.5,NA
wind,acc_wind,11,282.5,NA
wind,acc_wind,12,282.5,NA
wind,acc_wind,13,327.5,NA
wind,acc_wind,14,325.0,NA
wind,acc_wind,15,325.0,NA
wind,acc_wind,16,362.5,NA
wind,acc_wind,17,365.0,NA
wind,acc_wind,18,362.5,NA
wind,acc_wind,19,402.5,NA
wind,acc_wind,20,402.5,NA
wind,acc_wind,21,402.5,NA
wind,acc_wind,22,402.5,NA
wind,acc_wind,23,442.5,NA
wind,acc_wind,24,442.5,NA
wind,acc_wind,25,442.5,NA
wind,acc_wind,26,482.50000000000006,NA
wind,acc_wind,27,482.50000000000006,NA
wind,acc_wind,28,485.0,NA
wind,acc_wind,29,520.0,NA
wind,acc_wind,30,522.5,NA
wind,acc_wind,31,522.5,NA
wind,acc_wind,32,522.5,NA
wind,acc_wind,33,562.5,NA
wind,acc_wind,34,560.0,NA
wind,acc_wind,35,560.0,NA
wind,acc_wind,36,600.0,NA
wind,acc_wind,37,600.0,NA
wind,acc_wind,38,600.0,NA
wind,acc_wind,39,642.5,NA
wind,acc_wind,40,640.0,NA
wind,acc_wind,41,640.0,NA
wind,acc_wind,42,680.0,NA
wind,acc_wind,43,677.5,NA
wind,acc_wind,44,680.0,NA
wind,acc_wind,45,680.0,NA
wind,acc_wind,46,720.0,NA
wind,acc_wind,47,717.5,NA
wind,acc_wind,48,720.0,NA
wind,acc_wind,49,760.0,NA
wind,acc_wind,50,762.5,NA
wind,acc_wind,51,760.0,NA
wind,acc_wind,52,800.0000000000001,NA
wind,acc_wind,53,800.0000000000001,NA
wind,acc_wind,54,797.5,NA
wind,acc_wind,55,800.0000000000001,NA
wind,acc_wind,56,837.5,NA
wind,acc_wind,57,837.5,NA
wind,acc_wind,58,837.5,NA
wind,acc_wind,59,877.5,NA
wind,acc_wind,60,877.5,NA
wind,acc_wind,61,882.5,NA
wind,acc_wind,62,917.5,NA
wind,acc_wind,63,917.5,NA
wind,acc_wind,64,917.5,NA
wind,acc_wind,65,917.5,NA
wind,acc_wind,66,955.0,NA
wind,acc_wind,67,957.4999999999999,NA
wind,acc_wind,68,955.0,NA
wind,acc_wind,69,995.0,NA
wind,acc_wind,70,997.5,NA
wind,acc_wind,71,995.0,NA
wind,acc_wind,72,1040.0,NA
wind,acc_wind,73,1034.9999999999998,NA
wind,acc_wind,74,1034.9999999999998,NA
wind,acc_wind,75,1075.0,NA
wind,acc_wind,76,1075.0,NA
wind,acc_wind,77,1075.0,NA
wind,acc_wind,78,1075.0,NA
wind,acc_wind,79,1115.0,NA
wind,acc_wind,80,1115.0,NA
wind,acc_wind,81,1115.0,NA
wind,acc_wind,82,1157.5,NA
wind,acc_wind,83,1157.5,NA
wind,acc_wind,84,1155.0,NA
wind,acc_wind,85,1195.0,NA
wind,acc_wind,86,1195.0,NA
wind,acc_wind,87,1192.4999999999998,NA
wind,acc_wind,88,1195.0,NA
wind,acc_wind,89,1235.0,NA
wind,acc_wind,90,1232.4999999999998,NA
wind,acc_wind,91,1235.0,NA
wind,acc_wind,92,1272.5,NA
wind,acc_wind,93,1272.5,NA
wind,acc_wind,94,1275.0,NA
wind,acc_wind,95,1312.5,NA
wind,acc_wind,96,1312.5,NA
wind,acc_wind,97,1315.0,NA
wind,acc_wind,98,1350.0,NA
wind,acc_wind,99,1352.5,NA
wind,acc_wind,100,1352.5,NA
comb,acc_comb,1,272512.5,NA
comb,acc_comb,2,555410.0,NA
comb,acc_comb,3,867015.0,NA
comb,acc_comb,4,1093632.5,NA
comb,acc_comb,5,1376902.5,NA
comb,acc_comb,6,1715507.5,NA
comb,acc_comb,7,2054090.0000000002,NA
comb,acc_comb,8,2392657.499999975,NA
comb,acc_comb,9,2731244.999999975,NA
comb,acc_comb,10,3069869.999999975,NA
comb,acc_comb,11,3408437.5,NA
comb,acc_comb,12,3747034.999999975,NA
comb,acc_comb,13,4085647.5,NA
comb,acc_comb,14,4424220.0,NA
comb,acc_comb,15,4762814.999999975,NA
comb,acc_comb,16,5101390.0,NA
comb,acc_comb,17,5439985.0,NA
comb,acc_comb,18,5778607.5,NA
comb,acc_comb,19,6117177.499999975,NA
comb,acc_comb,20,6455762.5,NA
comb,acc_comb,21,6794365.0,NA
comb,acc_comb,22,7132957.5,NA
comb,acc_comb,23,7471562.5,NA
comb,acc_comb,24,7810125.0,NA
comb,acc_comb,25,8148752.5,NA
comb,acc_comb,26,8487337.499999974,NA
comb,acc_comb,27,8825932.5,NA
comb,acc_comb,28,9164500.0,NA
comb,acc_comb,29,9503115.0,NA
comb,acc_comb,30,9841692.499999974,NA
comb,acc_comb,31,10180280.0,NA
comb,acc_comb,32,10518882.5,NA
comb,acc_comb,33,10857457.5,NA
comb,acc_comb,34,11196075.0,NA
comb,acc_comb,35,11534657.5,NA
comb,acc_comb,36,11873270.0,NA
comb,acc_comb,37,12211842.5,NA
comb,acc_comb,38,12550420.0,NA
comb,acc_comb,39,12889027.5,NA
comb,acc_comb,40,13227610.0,NA
comb,acc_comb,41,13566215.0,NA
comb,acc_comb,42,13904805.0,NA
comb,acc_comb,43,14243390.0,NA
comb,acc_comb,44,14581975.0,NA
comb,acc_comb,45,14920575.0,NA
comb,acc_comb,46,15259177.5,NA
comb,acc_comb,47,15597755.0,NA
comb,acc_comb,48,15936340.0,NA
comb,acc_comb,49,16274942.5,NA
comb,acc_comb,50,16613547.5,NA
comb,acc_comb,51,16952122.5,NA
comb,acc_comb,52,17290702.499999974,NA
comb,acc_comb,53,17629320.0,NA
comb,acc_comb,54,17967902.5,NA
comb,acc_comb,55,18306515.0,NA
comb,acc_comb,56,18645065.0,NA
comb,acc_comb,57,18983687.5,NA
comb,acc_comb,58,19322270.0,NA
comb,acc_comb,59,19660877.5,NA
comb,acc_comb,60,19999465.0,NA
comb,acc_comb,61,20338052.5,NA
comb,acc_comb,62,20676617.5,NA
comb,acc_comb,63,21015220.0,NA
comb,acc_comb,64,21353834.999999974,NA
comb,acc_comb,65,21692419.999999978,NA
comb,acc_comb,66,22031007.499999974,NA
comb,acc_comb,67,22369585.0,NA
comb,acc_comb,68,22708205.0,NA
comb,acc_comb,69,23046775.0,NA
comb,acc_comb,70,23385360.0,NA
comb,acc_comb,71,23723955.0,NA
comb,acc_comb,72,24062580.0,NA
comb,acc_comb,73,24401170.0,NA
comb,acc_comb,74,24739729.999999974,NA
comb,acc_comb,75,25078352.5,NA
comb,acc_comb,76,25416917.5,NA
comb,acc_comb,77,25755507.5,NA
comb,acc_comb,78,26094090.0,NA
comb,acc_comb,79,26432705.0,NA
comb,acc_comb,80,26771290.0,NA
comb,acc_comb,81,27109895.0,NA
comb,acc_comb,82,27448459.999999978,NA
comb,acc_comb,83,27787055.0,NA
comb,acc_comb,84,28125667.5,NA
comb,acc_comb,85,28464270.0,NA
comb,acc_comb,86,28802847.5,NA
comb,acc_comb,87,29141457.5,NA
comb,acc_comb,88,29480052.5,NA
comb,acc_comb,89,29818622.5,NA
comb,acc_comb,90,30157205.0,NA
comb,acc_comb,91,30495787.5,NA
comb,acc_comb,92,30834402.5,NA
comb,acc_comb,93,31173002.499999974,NA
comb,acc_comb,94,31511592.499999996,NA
comb,acc_comb,95,31850190.0,NA
comb,acc_comb,96,32188777.5,NA
comb,acc_comb,97,32527340.0,NA
comb,acc_comb,98,32865972.5,NA
comb,acc_comb,99,33204525.0,NA
comb,acc_comb,100,33543147.500000004,NA
ant,acc_ant,1,232.5,NA
ant,acc_ant,2,244.99999999999997,NA
ant,acc_ant,3,285.0,NA
ant,acc_ant,4,330.0,NA
ant,acc_ant,5,405.00000000000006,NA
ant,acc_ant,6,442.5,NA
ant,acc_ant,7,485.0,NA
ant,acc_ant,8,525.0,NA
ant,acc_ant,9,605.0,NA
ant,acc_ant,10,645.0,NA
ant,acc_ant,11,685.0,NA
ant,acc_ant,12,725.0,NA
ant,acc_ant,13,767.5,NA
ant,acc_ant,14,840.0,NA
ant,acc_ant,15,885.0,NA
ant,acc_ant,16,925.0,NA
ant,acc_ant,17,967.5,NA
ant,acc_ant,18,1004.9999999999999,NA
ant,acc_ant,19,1082.5,NA
ant,acc_ant,20,1125.0,NA
ant,acc_ant,21,1162.5,NA
ant,acc_ant,22,1202.5,NA
ant,acc_ant,23,1245.0000000000002,NA
ant,acc_ant,24,1325.0,NA
ant,acc_ant,25,1365.0,NA
ant,acc_ant,26,1405.0,NA
ant,acc_ant,27,1442.5,NA
ant,acc_ant,28,1485.0000000000002,NA
ant,acc_ant,29,1565.0,NA
ant,acc_ant,30,1600.0000000000002,NA
ant,acc_ant,31,1640.0,NA
ant,acc_ant,32,1680.0,NA
ant,acc_ant,33,1720.0,NA
ant,acc_ant,34,1802.5,NA
ant,acc_ant,35,1850.0,NA
ant,acc_ant,36,1882.5,NA
ant,acc_ant,37,1922.5000000000002,NA
ant,acc_ant,38,1959.9999999999998,NA
ant,acc_ant,39,2042.5,NA
ant,acc_ant,40,2077.5,NA
ant,acc_ant,41,2125.0,NA
ant,acc_ant,42,2160.0,NA
ant,acc_ant,43,2200.0,NA
ant,acc_ant,44,2280.0,NA
ant,acc_ant,45,2322.5,NA
ant,acc_ant,46,2362.5,NA
ant,acc_ant,47,2400.0,NA
ant,acc_ant,48,2440.0,NA
ant,acc_ant,49,2520.0,NA
ant,acc_ant,50,2562.5,NA
ant,acc_ant,51,2602.5,NA
ant,acc_ant,52,2640.0,NA
ant,acc_ant,53,2715.0,NA
ant,acc_ant,54,2760.0,NA
ant,acc_ant,55,2797.5,NA
ant,acc_ant,56,2842.5,NA
ant,acc_ant,57,2882.5,NA
ant,acc_ant,58,2955.0,NA
ant,acc_ant,59,3000.0,NA
ant,acc_ant,60,3037.5,NA
ant,acc_ant,61,3077.5,NA
ant,acc_ant,62,3120.0,NA
ant,acc_ant,63,3160.0,NA
ant,acc_ant,64,3240.0,NA
ant,acc_ant,65,3280.0,NA
ant,acc_ant,66,3317.5,NA
ant,acc_ant,67,3360.0,NA
ant,acc_ant,68,3400.0,NA
ant,acc_ant,69,3480.0,NA
ant,acc_ant,70,3520.0,NA
ant,acc_ant,71,3557.5,NA
ant,acc_ant,72,3600.0,NA
ant,acc_ant,73,3640.0,NA
ant,acc_ant,74,3720.0000000000005,NA
ant,acc_ant,75,3762.5,NA
ant,acc_ant,76,3797.5,NA
ant,acc_ant,77,3834.9999999999995,NA
ant,acc_ant,78,3919.9999999999995,NA
ant,acc_ant,79,3967.4999999999995,NA
ant,acc_ant,80,3997.5000000000005,NA
ant,acc_ant,81,4037.5,NA
ant,acc_ant,82,4080.0,NA
ant,acc_ant,83,4160.0,NA
ant,acc_ant,84,4195.000000000001,NA
ant,acc_ant,85,4237.5,NA
ant,acc_ant,86,4272.5,NA
ant,acc_ant,87,4320.0,NA
ant,acc_ant,88,4394.999999999999,NA
ant,acc_ant,89,4440.000000000001,NA
ant,acc_ant,90,4485.0,NA
ant,acc_ant,91,4515.0,NA
ant,acc_ant,92,4560.0,NA
ant,acc_ant,93,4640.0,NA
ant,acc_ant,94,4675.0,NA
ant,acc_ant,95,4715.0,NA
ant,acc_ant,96,4755.0,NA
ant,acc_ant,97,4795.0,NA
ant,acc_ant,98,4875.0,NA
ant,acc_ant,99,4917.500000000001,NA
ant,acc_ant,100,4957.5,NA
demap,acc_demap,1,165.0,1
demap,acc_demap,2,210.0,1
demap,acc_demap,3,205.0,1
demap,acc_demap,4,247.5,1
demap,acc_demap,5,290.0,1
demap,acc_demap,6,285.0,1
demap,acc_demap,7,330.0,1
demap,acc_demap,8,365.0,1
demap,acc_demap,9,365.0,1
demap,acc_demap,10,405.00000000000006,1
demap,acc_demap,11,405.00000000000006,1
demap,acc_demap,12,445.0,1
demap,acc_demap,13,485.0,1
demap,acc_demap,14,487.5,1
demap,acc_demap,15,525.0,1
demap,acc_demap,16,530.0,1
demap,acc_demap,17,565.0,1
demap,acc_demap,18,605.0,1
demap,acc_demap,19,605.0,1
demap,acc_demap,20,647.5,1
demap,acc_demap,21,645.0,1
demap,acc_demap,22,685.0,1
demap,acc_demap,23,725.0,1
demap,acc_demap,24,725.0,1
demap,acc_demap,25,767.5,1
demap,acc_demap,26,765.0,1
demap,acc_demap,27,807.5,1
demap,acc_demap,28,842.5,1
demap,acc_demap,29,842.5,1
demap,acc_demap,30,885.0,1
demap,acc_demap,31,885.0,1
demap,acc_demap,32,922.5,1
demap,acc_demap,33,962.5000000000001,1
demap,acc_demap,34,965.0000000000001,1
demap,acc_demap,35,1004.9999999999999,1
demap,acc_demap,36,1004.9999999999999,1
demap,acc_demap,37,1045.0,1
demap,acc_demap,38,1050.0,1
demap,acc_demap,39,1085.0,1
demap,acc_demap,40,1125.0,1
demap,acc_demap,41,1125.0,1
demap,acc_demap,42,1162.5,1
demap,acc_demap,43,1207.5,1
demap,acc_demap,44,1205.0,1
demap,acc_demap,45,1245.0000000000002,1
demap,acc_demap,46,1245.0000000000002,1
demap,acc_demap,47,1285.0,1
demap,acc_demap,48,1325.0,1
demap,acc_demap,49,1330.0,1
demap,acc_demap,50,1365.0,1
demap,acc_demap,51,1365.0,1
demap,acc_demap,52,1405.0,1
demap,acc_demap,53,1447.5,1
demap,acc_demap,54,1445.0000000000002,1
demap,acc_demap,55,1482.5,1
demap,acc_demap,56,1482.5,1
demap,acc_demap,57,1520.0,1
demap,acc_demap,58,1567.4999999999998,1
demap,acc_demap,59,1562.5,1
demap,acc_demap,60,1607.4999999999998,1
demap,acc_demap,61,1602.5000000000002,1
demap,acc_demap,62,1640.0,1
demap,acc_demap,63,1682.5000000000002,1
demap,acc_demap,64,1682.5000000000002,1
demap,acc_demap,65,1722.5,1
demap,acc_demap,66,1720.0,1
demap,acc_demap,67,1762.4999999999998,1
demap,acc_demap,68,1802.5,1
demap,acc_demap,69,1804.9999999999995,1
demap,acc_demap,70,1840.0000000000002,1
demap,acc_demap,71,1847.4999999999998,1
demap,acc_demap,72,1882.5,1
demap,acc_demap,73,1919.9999999999998,1
demap,acc_demap,74,1922.5000000000002,1
demap,acc_demap,75,1959.9999999999998,1
demap,acc_demap,76,1965.0000000000002,1
demap,acc_demap,77,2002.4999999999998,1
demap,acc_demap,78,2040.0,1
demap,acc_demap,79,2045.0,1
demap,acc_demap,80,2085.0,1
demap,acc_demap,81,2085.0,1
demap,acc_demap,82,2127.5,1
demap,acc_demap,83,2165.0,1
demap,acc_demap,84,2160.0,1
demap,acc_demap,85,2200.0,1
demap,acc_demap,86,2205.0,1
demap,acc_demap,87,2242.5,1
demap,acc_demap,88,2280.0,1
demap,acc_demap,89,2282.5,1
demap,acc_demap,90,2320.0,1
demap,acc_demap,91,2320.0,1
demap,acc_demap,92,2362.5,1
demap,acc_demap,93,2405.0,1
demap,acc_demap,94,2400.0,1
demap,acc_demap,95,2440.0,1
demap,acc_demap,96,2440.0,1
demap,acc_demap,97,2477.5,1
demap,acc_demap,98,2520.0,1
demap,acc_demap,99,2520.0,1
demap,acc_demap,100,2560.0,1
demap,acc_demap,1,205.0,2
demap,acc_demap,2,244.99999999999997,2
demap,acc_demap,3,285.0,2
demap,acc_demap,4,365.0,2
demap,acc_demap,5,405.00000000000006,2
demap,acc_demap,6,437.5,2
demap,acc_demap,7,482.50000000000006,2
demap,acc_demap,8,522.5,2
demap,acc_demap,9,600.0,2
demap,acc_demap,10,640.0,2
demap,acc_demap,11,677.5,2
demap,acc_demap,12,720.0,2
demap,acc_demap,13,800.0000000000001,2
demap,acc_demap,14,840.0,2
demap,acc_demap,15,880.0,2
demap,acc_demap,16,917.5,2
demap,acc_demap,17,957.4999999999999,2
demap,acc_demap,18,997.5,2
demap,acc_demap,19,1075.0,2
demap,acc_demap,20,1115.0,2
demap,acc_demap,21,1155.0,2
demap,acc_demap,22,1195.0,2
demap,acc_demap,23,1275.0,2
demap,acc_demap,24,1310.0,2
demap,acc_demap,25,1350.0,2
demap,acc_demap,26,1392.5,2
demap,acc_demap,27,1430.0,2
demap,acc_demap,28,1510.0,2
demap,acc_demap,29,1557.5000000000002,2
demap,acc_demap,30,1590.0,2
demap,acc_demap,31,1627.5,2
demap,acc_demap,32,1710.0,2
demap,acc_demap,33,1747.5,2
demap,acc_demap,34,1790.0,2
demap,acc_demap,35,1827.4999999999995,2
demap,acc_demap,36,1862.5,2
demap,acc_demap,37,1942.5,2
demap,acc_demap,38,1990.0,2
demap,acc_demap,39,2027.4999999999995,2
demap,acc_demap,40,2069.9999999999995,2
demap,acc_demap,41,2105.0,2
demap,acc_demap,42,2187.5,2
demap,acc_demap,43,2225.0000000000005,2
demap,acc_demap,44,2260.0,2
demap,acc_demap,45,2302.5000000000005,2
demap,acc_demap,46,2380.0,2
demap,acc_demap,47,2417.5,2
demap,acc_demap,48,2462.5,2
demap,acc_demap,49,2497.5,2
demap,acc_demap,50,2542.5,2
demap,acc_demap,51,2585.0,2
demap,acc_demap,52,2660.0,2
demap,acc_demap,53,2700.0,2
demap,acc_demap,54,2740.0,2
demap,acc_demap,55,2777.5,2
demap,acc_demap,56,2852.5,2
demap,acc_demap,57,2895.0,2
demap,acc_demap,58,2932.5,2
demap,acc_demap,59,2972.5,2
demap,acc_demap,60,3055.0,2
demap,acc_demap,61,3092.4999999999995,2
demap,acc_demap,62,3137.5,2
demap,acc_demap,63,3172.5,2
demap,acc_demap,64,3215.0,2
demap,acc_demap,65,3290.0,2
demap,acc_demap,66,3332.5,2
demap,acc_demap,67,3372.5,2
demap,acc_demap,68,3410.0,2
demap,acc_demap,69,3450.0,2
demap,acc_demap,70,3527.5,2
demap,acc_demap,71,3570.0,2
demap,acc_demap,72,3605.0,2
demap,acc_demap,73,3652.5,2
demap,acc_demap,74,3725.0,2
demap,acc_demap,75,3765.0,2
demap,acc_demap,76,3807.5,2
demap,acc_demap,77,3845.0000000000005,2
demap,acc_demap,78,3885.0,2
demap,acc_demap,79,3927.5,2
demap,acc_demap,80,4007.5,2
demap,acc_demap,81,4047.5000000000005,2
demap,acc_demap,82,4085.0,2
demap,acc_demap,83,4125.0,2
demap,acc_demap,84,4170.0,2
demap,acc_demap,85,4245.0,2
demap,acc_demap,86,4285.000000000001,2
demap,acc_demap,87,4320.0,2
demap,acc_demap,88,4362.5,2
demap,acc_demap,89,4440.000000000001,2
demap,acc_demap,90,4474.999999999999,2
demap,acc_demap,91,4520.0,2
demap,acc_demap,92,4560.0,2
demap,acc_demap,93,4597.5,2
demap,acc_demap,94,4677.5,2
demap,acc_demap,95,4720.0,2
demap,acc_demap,96,4755.0,2
demap,acc_demap,97,4797.5,2
demap,acc_demap,98,4877.5,2
demap,acc_demap,99,4917.500000000001,2
demap,acc_demap,100,4955.0,2
demap,acc_demap,1,365.0,4
demap,acc_demap,2,525.0,4
demap,acc_demap,3,732.5000000000001,4
demap,acc_demap,4,925.0,4
demap,acc_demap,5,1125.0,4
demap,acc_demap,6,1325.0,4
demap,acc_demap,7,1522.5,4
demap,acc_demap,8,1682.5000000000002,4
demap,acc_demap,9,1879.9999999999998,4
demap,acc_demap,10,2085.0,4
demap,acc_demap,11,2282.5,4
demap,acc_demap,12,2477.5,4
demap,acc_demap,13,2645.0,4
demap,acc_demap,14,2837.5,4
demap,acc_demap,15,3040.0,4
demap,acc_demap,16,3240.0,4
demap,acc_demap,17,3437.5,4
demap,acc_demap,18,3600.0,4
demap,acc_demap,19,3797.5,4
demap,acc_demap,20,4002.5,4
demap,acc_demap,21,4195.000000000001,4
demap,acc_demap,22,4397.5,4
demap,acc_demap,23,4557.5,4
demap,acc_demap,24,4757.5,4
demap,acc_demap,25,4955.0,4
demap,acc_demap,26,5155.0,4
demap,acc_demap,27,5355.0,4
demap,acc_demap,28,5517.5,4
demap,acc_demap,29,5712.5,4
demap,acc_demap,30,5915.0,4
demap,acc_demap,31,6112.5,4
demap,acc_demap,32,6312.5,4
demap,acc_demap,33,6512.5,4
demap,acc_demap,34,6675.0,4
demap,acc_demap,35,6872.5,4
demap,acc_demap,36,7072.5,4
demap,acc_demap,37,7272.5,4
demap,acc_demap,38,7470.0,4
demap,acc_demap,39,7667.500000000001,4
demap,acc_demap,40,7832.5,4
demap,acc_demap,41,8029.999999999999,4
demap,acc_demap,42,8227.499999999998,4
demap,acc_demap,43,8430.0,4
demap,acc_demap,44,8587.5,4
demap,acc_demap,45,8789.999999999998,4
demap,acc_demap,46,8992.5,4
demap,acc_demap,47,9187.5,4
demap,acc_demap,48,9385.0,4
demap,acc_demap,49,9547.5,4
demap,acc_demap,50,9745.0,4
demap,acc_demap,51,9945.0,4
demap,acc_demap,52,10142.5,4
demap,acc_demap,53,10345.0,4
demap,acc_demap,54,10545.0,4
demap,acc_demap,55,10705.0,4
demap,acc_demap,56,10902.5,4
demap,acc_demap,57,11107.5,4
demap,acc_demap,58,11305.0,4
demap,acc_demap,59,11502.5,4
demap,acc_demap,60,11660.0,4
demap,acc_demap,61,11860.0,4
demap,acc_demap,62,12060.0,4
demap,acc_demap,63,12260.0,4
demap,acc_demap,64,12460.0,4
demap,acc_demap,65,12657.5,4
demap,acc_demap,66,12822.5,4
demap,acc_demap,67,13022.5,4
demap,acc_demap,68,13222.5,4
demap,acc_demap,69,13420.0,4
demap,acc_demap,70,13615.0,4
demap,acc_demap,71,13777.5,4
demap,acc_demap,72,13975.0,4
demap,acc_demap,73,14177.5,4
demap,acc_demap,74,14375.0,4
demap,acc_demap,75,14575.0,4
demap,acc_demap,76,14735.0,4
demap,acc_demap,77,14935.0,4
demap,acc_demap,78,15132.5,4
demap,acc_demap,79,15337.5,4
demap,acc_demap,80,15535.0,4
demap,acc_demap,81,15692.5,4
demap,acc_demap,82,15892.5,4
demap,acc_demap,83,16094.999999999998,4
demap,acc_demap,84,16289.999999999998,4
demap,acc_demap,85,16490.0,4
demap,acc_demap,86,16652.5,4
demap,acc_demap,87,16855.0,4
demap,acc_demap,88,17050.0,4
demap,acc_demap,89,17250.0,4
demap,acc_demap,90,17452.5,4
demap,acc_demap,91,17650.0,4
demap,acc_demap,92,17807.500000000004,4
demap,acc_demap,93,18004.999999999996,4
demap,acc_demap,94,18205.0,4
demap,acc_demap,95,18405.0,4
demap,acc_demap,96,18605.0,4
demap,acc_demap,97,18775.0,4
demap,acc_demap,98,18965.0,4
demap,acc_demap,99,19165.0,4
demap,acc_demap,100,19365.0,4
demap,acc_demap,1,442.5,6
demap,acc_demap,2,717.5,6
demap,acc_demap,3,1034.9999999999998,6
demap,acc_demap,4,1315.0,6
demap,acc_demap,5,1590.0,6
demap,acc_demap,6,1905.0,6
demap,acc_demap,7,2182.5000000000005,6
demap,acc_demap,8,2457.5,6
demap,acc_demap,9,2737.4999999999995,6
demap,acc_demap,10,3052.5000000000005,6
demap,acc_demap,11,3327.5,6
demap,acc_demap,12,3607.5,6
demap,acc_demap,13,3922.5,6
demap,acc_demap,14,4197.5,6
demap,acc_demap,15,4477.5,6
demap,acc_demap,16,4750.0,6
demap,acc_demap,17,5067.5,6
demap,acc_demap,18,5345.0,6
demap,acc_demap,19,5625.0,6
demap,acc_demap,20,5897.5,6
demap,acc_demap,21,6215.0,6
demap,acc_demap,22,6492.5,6
demap,acc_demap,23,6772.5,6
demap,acc_demap,24,7087.5,6
demap,acc_demap,25,7362.5,6
demap,acc_demap,26,7640.0,6
demap,acc_demap,27,7915.0,6
demap,acc_demap,28,8230.0,6
demap,acc_demap,29,8510.0,6
demap,acc_demap,30,8787.5,6
demap,acc_demap,31,9100.0,6
demap,acc_demap,32,9377.5,6
demap,acc_demap,33,9655.0,6
demap,acc_demap,34,9937.5,6
demap,acc_demap,35,10250.0,6
demap,acc_demap,36,10527.5,6
demap,acc_demap,37,10802.5,6
demap,acc_demap,38,11120.0,6
demap,acc_demap,39,11395.0,6
demap,acc_demap,40,11672.5,6
demap,acc_demap,41,11947.5,6
demap,acc_demap,42,12265.0,6
demap,acc_demap,43,12545.0,6
demap,acc_demap,44,12820.0,6
demap,acc_demap,45,13102.5,6
demap,acc_demap,46,13412.5,6
demap,acc_demap,47,13687.5,6
demap,acc_demap,48,13965.0,6
demap,acc_demap,49,14285.0,6
demap,acc_demap,50,14557.5,6
demap,acc_demap,51,14837.5,6
demap,acc_demap,52,15115.0,6
demap,acc_demap,53,15430.0,6
demap,acc_demap,54,15707.499999999998,6
demap,acc_demap,55,15982.500000000002,6
demap,acc_demap,56,16305.0,6
demap,acc_demap,57,16577.5,6
demap,acc_demap,58,16852.5,6
demap,acc_demap,59,17130.0,6
demap,acc_demap,60,17447.500000000004,6
demap,acc_demap,61,17722.5,6
demap,acc_demap,62,18000.0,6
demap,acc_demap,63,18315.0,6
demap,acc_demap,64,18592.500000000004,6
demap,acc_demap,65,18870.0,6
demap,acc_demap,66,19147.5,6
demap,acc_demap,67,19467.5,6
demap,acc_demap,68,19739.999999999996,6
demap,acc_demap,69,20019.999999999996,6
demap,acc_demap,70,20332.5,6
demap,acc_demap,71,20610.0,6
demap,acc_demap,72,20887.5,6
demap,acc_demap,73,21162.500000000004,6
demap,acc_demap,74,21480.0,6
demap,acc_demap,75,21757.5,6
demap,acc_demap,76,22035.0,6
demap,acc_demap,77,22350.0,6
demap,acc_demap,78,22630.0,6
demap,acc_demap,79,22902.5,6
demap,acc_demap,80,23180.0,6
demap,acc_demap,81,23497.5,6
demap,acc_demap,82,23772.5,6
demap,acc_demap,83,24052.5,6
demap,acc_demap,84,24367.5,6
demap,acc_demap,85,24645.0,6
demap,acc_demap,86,24920.0,6
demap,acc_demap,87,25197.5,6
demap,acc_demap,88,25512.5,6
demap,acc_demap,89,25795.0,6
demap,acc_demap,90,26067.499999975,6
demap,acc_demap,91,26382.5,6
demap,acc_demap,92,26660.0,6
demap,acc_demap,93,26935.0,6
demap,acc_demap,94,27212.499999975,6
demap,acc_demap,95,27530.0,6
demap,acc_demap,96,27810.0,6
demap,acc_demap,97,28085.0,6
demap,acc_demap,98,28362.5,6
demap,acc_demap,99,28677.499999975,6
demap,acc_demap,100,28960.0,6
demap,acc_demap,1,527.5,8
demap,acc_demap,2,922.5,8
demap,acc_demap,3,1322.5,8
demap,acc_demap,4,1682.5000000000002,8
demap,acc_demap,5,2080.0,8
demap,acc_demap,6,2480.0,8
demap,acc_demap,7,2840.0,8
demap,acc_demap,8,3235.0,8
demap,acc_demap,9,3597.5,8
demap,acc_demap,10,3997.5000000000005,8
demap,acc_demap,11,4394.999999999999,8
demap,acc_demap,12,4752.500000000001,8
demap,acc_demap,13,5157.5,8
demap,acc_demap,14,5552.5,8
demap,acc_demap,15,5907.5,8
demap,acc_demap,16,6307.5,8
demap,acc_demap,17,6670.0,8
demap,acc_demap,18,7067.5,8
demap,acc_demap,19,7470.0,8
demap,acc_demap,20,7827.499999999999,8
demap,acc_demap,21,8225.0,8
demap,acc_demap,22,8622.5,8
demap,acc_demap,23,8985.0,8
demap,acc_demap,24,9387.5,8
demap,acc_demap,25,9740.0,8
demap,acc_demap,26,10142.5,8
demap,acc_demap,27,10542.500000000004,8
demap,acc_demap,28,10905.0,8
demap,acc_demap,29,11302.5,8
demap,acc_demap,30,11660.0,8
demap,acc_demap,31,12057.5,8
demap,acc_demap,32,12460.0,8
demap,acc_demap,33,12815.0,8
demap,acc_demap,34,13215.0,8
demap,acc_demap,35,13577.5,8
demap,acc_demap,36,13972.5,8
demap,acc_demap,37,14375.0,8
demap,acc_demap,38,14735.0,8
demap,acc_demap,39,15130.0,8
demap,acc_demap,40,15527.5,8
demap,acc_demap,41,15892.5,8
demap,acc_demap,42,16287.500000000004,8
demap,acc_demap,43,16687.5,8
demap,acc_demap,44,17047.5,8
demap,acc_demap,45,17445.0,8
demap,acc_demap,46,17809.999999999996,8
demap,acc_demap,47,18200.0,8
demap,acc_demap,48,18600.0,8
demap,acc_demap,49,18962.5,8
demap,acc_demap,50,19360.0,8
demap,acc_demap,51,19757.500000000004,8
demap,acc_demap,52,20120.0,8
demap,acc_demap,53,20517.499999999996,8
demap,acc_demap,54,20877.5,8
demap,acc_demap,55,21267.5,8
demap,acc_demap,56,21675.0,8
demap,acc_demap,57,22037.5,8
demap,acc_demap,58,22432.500000000004,8
demap,acc_demap,59,22832.5,8
demap,acc_demap,60,23192.5,8
demap,acc_demap,61,23590.0,8
demap,acc_demap,62,23952.5,8
demap,acc_demap,63,24345.0,8
demap,acc_demap,64,24750.0,8
demap,acc_demap,65,25107.5,8
demap,acc_demap,66,25507.5,8
demap,acc_demap,67,25905.0,8
demap,acc_demap,68,26270.0,8
demap,acc_demap,69,26662.5,8
demap,acc_demap,70,27022.5,8
demap,acc_demap,71,27422.5,8
demap,acc_demap,72,27822.5,8
demap,acc_demap,73,28180.0,8
demap,acc_demap,74,28577.5,8
demap,acc_demap,75,28940.0,8
demap,acc_demap,76,29337.499999975,8
demap,acc_demap,77,29740.0,8
demap,acc_demap,78,30100.0,8
demap,acc_demap,79,30502.5,8
demap,acc_demap,80,30895.0,8
demap,acc_demap,81,31247.500000000004,8
demap,acc_demap,82,31649.999999999996,8
demap,acc_demap,83,32012.5,8
demap,acc_demap,84,32402.5,8
demap,acc_demap,85,32815.0,8
demap,acc_demap,86,33167.5,8
demap,acc_demap,87,33562.5,8
demap,acc_demap,88,33930.0,8
demap,acc_demap,89,34325.0,8
demap,acc_demap,90,34729.999999975,8
demap,acc_demap,91,35085.0,8
demap,acc_demap,92,35487.499999975,8
demap,acc_demap,93,35882.5,8
demap,acc_demap,94,36242.5,8
demap,acc_demap,95,36642.5,8
demap,acc_demap,96,37002.5,8
demap,acc_demap,97,37395.0,8
demap,acc_demap,98,37795.0,8
demap,acc_demap,99,38157.5,8
demap,acc_demap,100,38552.5,8
fft,acc_fft,1,145.99999999999997,NA
fft,acc_fft,2,242.00000000000003,NA
fft,acc_fft,3,434.0,NA
fft,acc_fft,4,434.0,NA
fft,acc_fft,5,434.0,NA
fft,acc_fft,6,834.0,NA
fft,acc_fft,7,834.0,NA
fft,acc_fft,8,834.0,NA
fft,acc_fft,9,834.0,NA
fft,acc_fft,10,834.0,NA
fft,acc_fft,11,1682.0,NA
fft,acc_fft,12,1682.0,NA
fft,acc_fft,13,1682.0,NA
fft,acc_fft,14,1682.0,NA
fft,acc_fft,15,1682.0,NA
fft,acc_fft,16,1682.0,NA
fft,acc_fft,17,1682.0,NA
fft,acc_fft,18,1682.0,NA
fft,acc_fft,19,1682.0,NA
fft,acc_fft,20,1682.0,NA
fft,acc_fft,21,1682.0,NA
fft,acc_fft,22,3490.0,NA
fft,acc_fft,23,3490.0,NA
fft,acc_fft,24,3490.0,NA
fft,acc_fft,25,3490.0,NA
fft,acc_fft,26,3490.0,NA
fft,acc_fft,27,3490.0,NA
fft,acc_fft,28,3490.0,NA
fft,acc_fft,29,3490.0,NA
fft,acc_fft,30,3490.0,NA
fft,acc_fft,31,3490.0,NA
fft,acc_fft,32,3490.0,NA
fft,acc_fft,33,3490.0,NA
fft,acc_fft,34,3490.0,NA
fft,acc_fft,35,3490.0,NA
fft,acc_fft,36,3490.0,NA
fft,acc_fft,37,3490.0,NA
fft,acc_fft,38,3490.0,NA
fft,acc_fft,39,3490.0,NA
fft,acc_fft,40,3490.0,NA
fft,acc_fft,41,3490.0,NA
fft,acc_fft,42,3490.0,NA
fft,acc_fft,43,7346.0,NA
fft,acc_fft,44,7346.0,NA
fft,acc_fft,45,7346.0,NA
fft,acc_fft,46,7346.0,NA
fft,acc_fft,47,7346.0,NA
fft,acc_fft,48,7346.0,NA
fft,acc_fft,49,7346.0,NA
fft,acc_fft,50,7346.0,NA
fft,acc_fft,51,7346.0,NA
fft,acc_fft,52,7346.0,NA
fft,acc_fft,53,7346.0,NA
fft,acc_fft,54,7346.0,NA
fft,acc_fft,55,7346.0,NA
fft,acc_fft,56,7346.0,NA
fft,acc_fft,57,7346.0,NA
fft,acc_fft,58,7346.0,NA
fft,acc_fft,59,7346.0,NA
fft,acc_fft,60,7346.0,NA
fft,acc_fft,61,7346.0,NA
fft,acc_fft,62,7346.0,NA
fft,acc_fft,63,7346.0,NA
fft,acc_fft,64,7346.0,NA
fft,acc_fft,65,7346.0,NA
fft,acc_fft,66,7346.0,NA
fft,acc_fft,67,7346.0,NA
fft,acc_fft,68,7346.0,NA
fft,acc_fft,69,7346.0,NA
fft,acc_fft,70,7346.0,NA
fft,acc_fft,71,7346.0,NA
fft,acc_fft,72,7346.0,NA
fft,acc_fft,73,7346.0,NA
fft,acc_fft,74,7346.0,NA
fft,acc_fft,75,7346.0,NA
fft,acc_fft,76,7346.0,NA
fft,acc_fft,77,7346.0,NA
fft,acc_fft,78,7346.0,NA
fft,acc_fft,79,7346.0,NA
fft,acc_fft,80,7346.0,NA
fft,acc_fft,81,7346.0,NA
fft,acc_fft,82,7346.0,NA
fft,acc_fft,83,7346.0,NA
fft,acc_fft,84,7346.0,NA
fft,acc_fft,85,7346.0,NA
fft,acc_fft,86,15554.0,NA
fft,acc_fft,87,15554.0,NA
fft,acc_fft,88,15554.0,NA
fft,acc_fft,89,15554.0,NA
fft,acc_fft,90,15554.0,NA
fft,acc_fft,91,15554.0,NA
fft,acc_fft,92,15554.0,NA
fft,acc_fft,93,15554.0,NA
fft,acc_fft,94,15554.0,NA
fft,acc_fft,95,15554.0,NA
fft,acc_fft,96,15554.0,NA
fft,acc_fft,97,15554.0,NA
fft,acc_fft,98,15554.0,NA
fft,acc_fft,99,15554.0,NA
fft,acc_fft,100,15554.0,NA
